date,temperature_2m_max,temperature_2m_min,temperature_2m_mean,apparent_temperature_mean,precipitation_sum,rain_sum,wind_speed_10m_max,wind_speed_10m_mean,wind_gusts_10m_max
2021-01-01,2.4,-7.2,-2.1,-6.9,0.0,0.0,15.1,10.1,29.9
2021-01-02,4.3,-3.8,-0.5,-5.0,0.0,0.0,13.7,10.3,25.9
2021-01-03,3.9,-2.2,1.1,-2.2,0.0,0.0,9.2,5.7,17.3
2021-01-04,5.3,-1.5,1.3,-3.1,0.0,0.0,25.0,12.9,40.3
2021-01-05,0.3,-5.4,-2.5,-8.9,0.0,0.0,29.7,21.3,50.8
2021-01-06,0.6,-9.7,-5.3,-12.6,0.0,0.0,43.8,25.6,72.7
2021-01-07,-8.7,-14.2,-11.1,-20.1,0.0,0.0,42.8,35.3,69.8
2021-01-08,-3.5,-8.8,-6.6,-13.8,0.0,0.0,29.1,23.0,50.0
2021-01-09,-0.7,-6.2,-3.9,-10.3,0.0,0.0,29.8,18.9,51.1
2021-01-10,1.3,-5.1,-2.3,-8.0,0.0,0.0,25.1,15.5,43.6
2021-01-11,2.3,-4.8,-1.8,-6.2,0.0,0.0,11.7,7.3,23.0
2021-01-12,4.2,-4.1,0.5,-4.7,0.0,0.0,24.4,14.8,40.0
2021-01-13,9.1,-1.6,3.2,-1.2,0.0,0.0,19.9,12.1,32.0
2021-01-14,8.2,2.1,5.2,0.6,0.0,0.0,28.9,19.6,46.1
2021-01-15,5.9,-3.2,2.0,-3.9,0.0,0.0,37.3,24.3,62.6
2021-01-16,0.9,-5.1,-2.6,-8.7,0.0,0.0,29.5,19.0,49.3
2021-01-17,3.7,-4.2,-0.5,-5.8,0.0,0.0,18.0,13.7,33.8
2021-01-18,5.7,-1.5,1.0,-4.3,0.0,0.0,20.5,14.7,35.6
2021-01-19,5.0,-1.7,2.0,-3.9,0.0,0.0,28.3,23.6,48.2
2021-01-20,7.5,3.9,5.4,1.3,0.0,0.0,25.5,17.3,40.7
2021-01-21,9.1,1.8,5.5,3.0,0.1,0.1,16.2,8.4,25.9
2021-01-22,4.8,0.2,2.0,-2.4,0.0,0.0,20.4,15.8,34.6
2021-01-23,5.2,-1.2,1.0,-3.6,0.0,0.0,18.7,15.1,32.0
2021-01-24,4.8,-2.2,1.3,-2.1,0.0,0.0,14.7,8.3,24.8
2021-01-25,7.7,2.5,5.1,2.9,0.5,0.5,14.6,5.1,22.3
2021-01-26,7.0,0.9,3.4,-1.5,2.0,2.0,27.3,19.3,47.2
2021-01-27,5.8,-2.2,2.8,-1.5,0.0,0.0,23.1,13.4,37.4
2021-01-28,4.4,-4.8,-0.0,-7.9,0.0,0.0,45.9,32.3,76.3
2021-01-29,4.0,-6.6,0.2,-4.9,0.0,0.0,25.4,15.6,43.6
2021-01-30,6.8,-0.6,3.9,0.3,0.0,0.0,16.8,10.5,29.2
2021-01-31,7.3,1.6,4.8,1.2,0.0,0.0,22.7,13.8,37.8
2021-02-01,9.3,-3.0,4.3,-1.0,0.0,0.0,28.7,18.7,47.2
2021-02-02,3.1,-5.5,-1.6,-6.2,0.0,0.0,17.3,10.4,33.5
2021-02-03,5.6,0.3,3.0,-1.8,0.0,0.0,30.0,17.6,50.4
2021-02-04,4.9,-4.1,1.6,-2.7,0.0,0.0,20.4,12.9,36.7
2021-02-05,7.6,3.5,5.4,0.9,0.0,0.0,28.5,18.7,47.2
2021-02-06,12.4,1.0,5.9,2.9,0.0,0.0,11.2,8.0,21.6
2021-02-07,8.6,-0.9,3.7,-1.2,0.0,0.0,23.6,15.1,38.5
2021-02-08,4.6,-4.3,0.2,-4.3,0.0,0.0,16.3,10.5,27.4
2021-02-09,5.2,-1.3,2.6,-1.9,0.0,0.0,22.7,14.4,40.7
2021-02-10,7.7,1.2,4.3,1.4,0.0,0.0,14.4,8.0,24.5
2021-02-11,7.4,0.8,4.5,1.0,0.0,0.0,21.9,13.9,36.0
2021-02-12,8.6,2.8,6.0,2.9,0.0,0.0,18.2,12.5,34.2
2021-02-13,9.1,3.2,5.9,2.9,0.0,0.0,19.0,12.6,34.6
2021-02-14,8.1,5.4,6.9,4.0,3.2,3.2,32.7,12.9,52.6
2021-02-15,3.2,-1.1,1.1,-5.6,0.1,0.1,39.4,26.0,65.5
2021-02-16,5.3,-2.0,2.2,-4.1,0.0,0.0,33.7,23.9,56.2
2021-02-17,-0.4,-4.6,-2.7,-10.8,0.0,0.0,43.0,31.9,73.1
2021-02-18,6.1,-3.9,1.0,-4.4,0.0,0.0,19.7,16.1,35.6
2021-02-19,11.1,1.4,6.7,2.3,0.0,0.0,29.7,17.3,47.9
2021-02-20,12.4,2.7,9.1,5.3,0.0,0.0,23.7,14.0,38.9
2021-02-21,15.9,8.4,11.8,8.6,0.0,0.0,20.6,13.2,33.8
2021-02-22,11.9,-0.2,7.3,1.3,0.0,0.0,30.0,22.4,51.5
2021-02-23,5.8,-0.2,2.6,-2.1,0.0,0.0,18.4,11.6,31.0
2021-02-24,3.2,0.9,2.1,-1.4,1.3,0.9,11.2,7.0,20.5
2021-02-25,4.6,2.0,2.9,-1.0,17.5,16.3,20.0,12.6,32.4
2021-02-26,10.1,0.5,4.3,-0.1,0.0,0.0,20.7,13.2,34.2
2021-02-27,10.8,1.3,6.4,2.6,0.0,0.0,21.9,11.9,39.2
2021-02-28,8.6,6.7,7.4,3.6,8.3,8.3,22.3,18.7,36.7
2021-03-01,6.6,-0.7,3.0,-3.4,14.4,14.4,36.9,29.2,61.9
2021-03-02,6.6,-1.5,2.1,-2.9,0.0,0.0,28.8,17.2,49.7
2021-03-03,7.0,3.2,5.3,0.5,0.0,0.0,26.7,20.9,44.6
2021-03-04,8.1,4.8,6.1,2.7,0.0,0.0,21.8,15.0,37.8
2021-03-05,9.4,4.4,6.8,3.8,0.0,0.0,21.6,13.4,35.6
2021-03-06,6.3,-0.6,2.7,-3.9,0.0,0.0,30.1,24.6,50.0
2021-03-07,6.7,-1.1,2.3,-2.2,0.0,0.0,22.4,12.9,38.5
2021-03-08,6.8,2.6,4.6,1.7,0.0,0.0,15.4,8.1,31.7
2021-03-09,8.4,2.5,5.3,2.6,0.0,0.0,15.8,9.1,30.6
2021-03-10,9.9,3.9,6.9,4.3,0.0,0.0,16.7,9.9,31.7
2021-03-11,8.5,4.3,6.9,4.3,2.5,2.5,14.1,8.6,22.0
2021-03-12,13.1,4.4,8.1,5.2,0.0,0.0,16.9,11.5,32.4
2021-03-13,11.7,4.5,7.9,5.8,0.0,0.0,16.3,7.6,31.7
2021-03-14,10.8,4.3,7.8,4.6,0.0,0.0,27.2,15.0,43.6
2021-03-15,11.0,7.8,9.0,5.9,1.2,1.2,25.6,16.5,41.0
2021-03-16,12.4,4.8,7.6,3.7,0.0,0.0,26.9,13.8,43.6
2021-03-17,10.2,2.6,6.3,3.3,0.0,0.0,17.8,8.1,31.7
2021-03-18,14.5,1.4,8.0,4.6,0.0,0.0,25.9,10.2,45.0
2021-03-19,10.4,3.8,7.2,3.5,0.0,0.0,16.4,11.8,31.0
2021-03-20,10.6,4.9,7.8,3.3,0.7,0.7,27.1,19.7,47.5
2021-03-21,8.8,2.8,6.7,0.1,0.0,0.0,39.0,27.0,66.6
2021-03-22,15.2,3.4,8.7,4.6,0.0,0.0,20.6,13.0,34.6
2021-03-23,13.1,7.1,10.2,5.2,0.0,0.0,34.9,23.5,59.4
2021-03-24,13.1,6.8,10.4,7.8,0.0,0.0,25.7,12.2,42.8
2021-03-25,12.6,5.3,9.4,7.0,0.0,0.0,18.6,11.5,36.4
2021-03-26,13.0,7.2,10.6,7.3,1.4,1.4,24.2,17.2,42.5
2021-03-27,16.5,8.9,11.9,9.6,14.5,14.5,25.0,14.2,40.3
2021-03-28,18.6,7.4,11.8,9.0,0.0,0.0,31.2,16.1,49.0
2021-03-29,16.5,5.6,11.2,8.7,0.0,0.0,11.3,7.2,24.5
2021-03-30,14.9,7.3,10.3,7.9,0.0,0.0,22.3,9.4,41.0
2021-03-31,13.9,5.3,9.9,6.3,0.0,0.0,18.6,11.7,34.6
2021-04-01,15.8,8.1,11.9,9.0,0.0,0.0,20.6,8.5,35.6
2021-04-02,12.5,10.3,11.5,9.3,18.7,18.7,19.1,11.6,30.6
2021-04-03,10.9,8.2,9.8,5.0,8.7,8.7,33.5,25.7,56.5
2021-04-04,15.2,6.5,10.1,4.4,0.0,0.0,30.3,23.6,52.2
2021-04-05,14.1,5.4,9.5,6.5,0.0,0.0,16.9,10.9,32.8
2021-04-06,13.9,8.1,11.0,8.6,0.0,0.0,18.9,8.1,34.2
2021-04-07,16.5,8.2,11.8,9.5,0.0,0.0,16.1,7.0,29.2
2021-04-08,14.1,6.2,10.0,7.0,0.0,0.0,18.4,10.8,33.8
2021-04-09,13.9,7.5,11.0,8.1,0.0,0.0,21.4,12.0,38.2
2021-04-10,13.1,8.6,10.9,8.3,0.0,0.0,18.9,14.9,36.4
2021-04-11,14.1,9.6,11.7,8.7,3.4,3.4,26.5,19.2,47.9
2021-04-12,17.4,11.0,13.5,10.7,4.2,4.2,29.9,20.2,47.9
2021-04-13,13.6,6.2,10.1,5.8,0.0,0.0,31.0,19.3,51.5
2021-04-14,13.3,5.3,9.9,6.5,0.0,0.0,28.6,17.1,49.3
2021-04-15,12.8,9.5,11.2,6.7,0.0,0.0,32.8,26.2,56.9
2021-04-16,15.8,9.1,12.6,9.6,1.9,1.9,25.5,15.8,42.1
2021-04-17,16.3,7.2,12.3,7.1,0.3,0.3,34.1,21.6,58.0
2021-04-18,15.0,5.6,10.9,7.4,0.0,0.0,26.9,15.1,46.4
2021-04-19,15.1,8.4,12.3,9.4,0.0,0.0,26.4,16.6,46.4
2021-04-20,14.8,9.6,12.2,10.3,0.0,0.0,18.2,12.9,34.2
2021-04-21,13.6,11.7,12.4,8.7,1.1,1.1,22.9,19.1,39.2
2021-04-22,13.4,11.9,12.7,9.7,26.0,26.0,29.1,23.8,47.5
2021-04-23,17.6,11.8,14.1,12.4,0.6,0.6,23.2,15.8,40.0
2021-04-24,15.1,12.4,13.5,10.9,2.3,2.3,26.5,16.5,45.0
2021-04-25,19.6,11.4,14.1,12.6,0.1,0.1,17.7,12.0,31.0
2021-04-26,15.1,9.6,12.0,10.4,5.3,5.3,19.1,10.7,31.7
2021-04-27,15.2,11.6,13.3,12.8,1.7,1.7,19.5,9.4,35.6
2021-04-28,18.9,10.8,14.1,12.9,0.0,0.0,17.7,9.7,33.1
2021-04-29,17.0,9.6,13.8,11.5,0.7,0.7,26.4,15.3,49.3
2021-04-30,15.2,8.0,11.5,8.1,2.3,2.3,27.4,15.0,46.8
2021-05-01,18.0,6.2,12.3,9.2,0.0,0.0,37.9,14.0,60.8
2021-05-02,17.1,8.2,12.5,9.2,0.0,0.0,23.2,15.6,40.7
2021-05-03,13.9,11.1,12.8,9.5,6.6,6.6,30.1,21.0,51.1
2021-05-04,20.5,10.8,14.9,12.6,4.2,4.2,30.5,17.2,52.9
2021-05-05,18.4,10.8,14.8,11.7,0.0,0.0,31.1,17.4,52.2
2021-05-06,18.4,14.3,16.6,12.7,0.0,0.0,40.4,30.9,64.4
2021-05-07,22.6,13.9,17.6,13.9,0.0,0.0,34.4,22.3,58.0
2021-05-08,25.1,12.7,18.1,14.6,0.0,0.0,41.7,21.6,68.0
2021-05-09,17.5,10.6,14.4,11.1,0.0,0.0,29.1,17.4,46.1
2021-05-10,16.0,12.6,14.0,10.4,0.3,0.3,32.6,23.4,55.1
2021-05-11,17.9,12.4,15.1,14.4,0.4,0.4,11.3,8.5,24.1
2021-05-12,16.1,13.6,15.2,14.5,1.9,1.9,21.0,13.3,33.5
2021-05-13,18.3,13.2,15.5,14.2,0.0,0.0,20.9,15.8,37.1
2021-05-14,16.9,14.4,15.5,13.2,8.9,8.9,30.7,22.6,49.0
2021-05-15,21.9,15.8,17.6,18.2,5.2,5.2,20.5,10.8,33.1
2021-05-16,16.4,13.4,15.0,11.5,14.3,14.3,38.7,27.5,64.1
2021-05-17,25.1,14.9,18.4,16.3,0.1,0.1,21.3,17.0,36.7
2021-05-18,20.9,12.8,17.4,16.6,0.0,0.0,23.1,13.0,39.6
2021-05-19,18.9,13.1,16.4,15.8,0.0,0.0,17.9,12.2,33.8
2021-05-20,20.5,14.1,16.4,15.6,2.8,2.8,18.3,9.4,31.0
2021-05-21,19.5,13.3,16.7,16.1,0.0,0.0,23.1,13.4,41.8
2021-05-22,19.4,15.1,17.4,16.7,0.0,0.0,21.9,16.9,40.3
2021-05-23,20.9,15.7,17.8,17.2,0.0,0.0,26.6,15.8,46.4
2021-05-24,20.0,14.1,17.3,16.8,0.0,0.0,24.1,12.0,37.8
2021-05-25,23.5,13.1,18.8,16.0,0.6,0.6,41.0,21.1,67.7
2021-05-26,21.0,17.0,18.9,16.2,0.1,0.1,43.3,30.1,72.4
2021-05-27,22.5,15.4,19.4,18.2,0.0,0.0,37.5,19.7,58.7
2021-05-28,23.2,16.8,20.4,17.2,0.0,0.0,43.5,24.8,73.1
2021-05-29,25.9,16.9,19.8,18.3,0.0,0.0,28.6,19.3,49.7
2021-05-30,22.5,15.5,18.9,19.2,0.3,0.3,20.6,11.1,48.2
2021-05-31,21.3,16.8,19.1,19.0,5.9,5.9,26.7,18.8,46.8
2021-06-01,20.9,17.7,18.9,18.1,0.0,0.0,30.9,21.2,50.8
2021-06-02,20.9,17.2,19.2,18.2,0.3,0.3,30.8,24.9,52.6
2021-06-03,20.2,16.0,18.0,18.5,6.6,6.6,20.4,11.6,35.3
2021-06-04,22.7,14.7,19.5,17.9,0.0,0.0,35.6,19.3,58.0
2021-06-05,23.5,18.0,20.7,21.4,0.0,0.0,17.0,9.1,35.3
2021-06-06,25.7,17.4,21.2,21.2,0.0,0.0,23.8,14.7,38.5
2021-06-07,24.0,19.5,21.9,21.3,0.0,0.0,27.0,20.1,44.6
2021-06-08,22.8,17.8,20.7,21.5,0.1,0.1,23.1,17.0,42.1
2021-06-09,22.9,18.9,20.5,21.4,2.7,2.7,26.9,19.1,45.0
2021-06-10,23.0,18.8,20.5,22.4,0.4,0.4,17.6,12.7,35.6
2021-06-11,24.9,18.4,20.8,22.7,0.0,0.0,20.9,11.7,39.6
2021-06-12,20.2,17.5,18.8,19.2,0.0,0.0,22.4,16.4,39.6
2021-06-13,21.6,17.9,19.7,20.1,0.0,0.0,23.5,18.7,43.9
2021-06-14,21.5,19.0,20.1,20.2,3.4,3.4,28.2,21.1,45.4
2021-06-15,23.4,19.5,21.0,20.4,19.6,19.6,37.0,25.2,61.2
2021-06-16,24.5,18.2,21.2,23.1,0.0,0.0,19.4,11.0,32.8
2021-06-17,22.0,19.1,20.5,22.6,4.2,4.2,17.7,10.9,33.1
2021-06-18,25.2,18.8,22.1,24.5,0.0,0.0,20.5,10.5,36.4
2021-06-19,27.9,19.5,23.8,25.1,0.0,0.0,25.4,15.0,42.5
2021-06-20,29.5,20.6,24.5,26.2,0.0,0.0,18.8,11.3,34.2
2021-06-21,25.5,19.0,22.8,24.7,0.0,0.0,20.8,14.0,36.0
2021-06-22,28.9,21.5,24.4,26.2,0.1,0.1,25.1,15.4,42.8
2021-06-23,24.9,19.9,22.4,24.2,0.0,0.0,24.2,11.8,43.6
2021-06-24,21.7,20.1,21.0,22.7,7.6,7.6,17.4,12.1,31.3
2021-06-25,23.8,21.2,22.5,23.5,0.0,0.0,28.8,21.5,46.1
2021-06-26,24.8,21.7,23.2,24.4,6.9,6.9,30.2,21.8,51.5
2021-06-27,24.2,21.5,22.8,24.9,0.0,0.0,22.6,15.1,37.1
2021-06-28,24.8,21.4,23.0,26.1,0.0,0.0,17.6,11.9,34.2
2021-06-29,23.1,21.5,22.4,25.0,2.1,2.1,18.1,14.2,31.7
2021-06-30,24.9,22.0,23.3,26.0,0.3,0.3,21.7,16.6,37.8
2021-07-01,24.7,21.9,23.2,26.0,0.0,0.0,20.0,15.0,33.5
2021-07-02,25.4,22.2,23.6,26.3,0.2,0.2,22.7,16.4,38.9
2021-07-03,26.9,22.2,23.8,24.2,16.6,16.6,44.0,27.9,75.2
2021-07-04,24.3,20.9,22.8,25.0,0.0,0.0,22.4,14.6,35.3
2021-07-05,24.2,21.0,22.8,25.3,0.2,0.2,19.1,13.4,32.4
2021-07-06,24.4,20.8,22.5,25.3,0.0,0.0,19.8,10.5,36.7
2021-07-07,24.2,20.5,22.2,25.6,0.7,0.7,15.0,7.7,25.6
2021-07-08,24.6,19.5,22.6,25.9,0.0,0.0,19.1,9.0,35.6
2021-07-09,25.6,22.0,23.8,27.6,1.6,1.6,17.8,12.4,31.7
2021-07-10,27.0,23.0,25.1,29.6,0.0,0.0,18.4,12.5,34.2
2021-07-11,28.2,24.6,25.8,30.1,0.0,0.0,27.2,15.8,47.2
2021-07-12,28.4,25.4,26.8,29.7,1.4,1.4,35.7,25.5,56.5
2021-07-13,26.8,24.6,25.5,28.2,30.5,30.5,29.9,24.3,54.4
2021-07-14,28.0,24.5,26.2,30.2,3.9,3.9,30.7,18.5,49.3
2021-07-15,26.4,24.5,25.3,29.0,4.9,4.9,25.6,18.7,43.2
2021-07-16,26.8,24.3,25.4,28.4,31.8,31.8,36.2,22.7,63.0
2021-07-17,27.0,24.1,25.5,28.2,0.4,0.4,29.4,23.8,50.0
2021-07-18,27.1,23.9,25.2,28.8,0.0,0.0,19.3,15.4,34.9
2021-07-19,27.0,22.9,25.0,29.5,0.3,0.3,17.6,10.0,33.8
2021-07-20,27.3,24.2,25.9,29.9,1.5,1.5,22.1,17.3,38.9
2021-07-21,28.7,25.1,26.6,30.7,0.0,0.0,20.0,15.9,35.6
2021-07-22,29.5,24.5,26.8,31.7,0.0,0.0,17.0,10.8,29.9
2021-07-23,28.4,23.8,26.3,31.1,0.0,0.0,16.9,9.6,32.4
2021-07-24,29.2,23.3,26.4,31.3,0.0,0.0,19.6,8.4,34.6
2021-07-25,30.1,24.0,27.4,31.9,0.0,0.0,17.8,10.5,32.0
2021-07-26,28.9,26.5,27.4,30.6,1.8,1.8,24.0,19.5,43.6
2021-07-27,29.6,26.2,27.6,30.7,0.9,0.9,27.8,21.1,47.5
2021-07-28,28.2,26.3,27.0,29.3,1.3,1.3,32.6,24.2,52.2
2021-07-29,27.5,25.6,26.3,27.0,15.3,15.3,48.1,37.6,78.1
2021-07-30,28.5,23.9,26.3,29.0,1.1,1.1,23.7,16.6,40.3
2021-07-31,29.0,25.1,27.1,31.6,0.0,0.0,18.4,13.4,32.8
2021-08-01,28.4,25.1,26.8,31.7,1.9,1.9,18.1,12.5,34.6
2021-08-02,27.9,24.3,26.3,31.5,1.5,1.5,12.5,7.3,29.2
2021-08-03,28.5,23.5,26.0,31.0,0.0,0.0,14.5,8.2,28.1
2021-08-04,28.5,25.2,27.0,32.1,1.2,1.2,19.4,12.7,34.9
2021-08-05,28.5,25.9,27.2,31.6,1.4,1.4,19.7,14.5,37.4
2021-08-06,27.8,24.5,26.3,31.1,10.6,10.6,17.1,10.2,33.1
2021-08-07,28.5,24.0,26.4,31.8,0.0,0.0,13.9,6.9,27.0
2021-08-08,29.1,24.7,26.7,31.7,0.4,0.4,16.6,9.4,29.9
2021-08-09,28.6,23.7,26.3,30.7,0.0,0.0,12.0,8.6,22.0
2021-08-10,29.5,25.2,27.5,32.6,0.0,0.0,21.7,10.6,39.2
2021-08-11,28.9,25.2,27.1,32.4,2.3,2.3,16.4,7.1,31.3
2021-08-12,28.5,24.5,26.6,31.7,2.9,2.9,8.9,4.7,32.8
2021-08-13,27.9,23.5,25.5,28.9,0.1,0.1,17.8,7.5,30.2
2021-08-14,29.4,21.4,25.2,27.8,0.0,0.0,24.9,11.2,42.8
2021-08-15,28.0,22.3,25.4,29.7,0.3,0.3,14.3,8.5,25.9
2021-08-16,28.2,24.0,26.1,30.5,0.6,0.6,16.8,7.9,32.0
2021-08-17,28.4,23.2,25.6,29.7,2.4,2.4,19.7,7.6,33.5
2021-08-18,28.5,21.3,24.7,27.2,0.5,0.5,19.5,12.9,35.3
2021-08-19,27.8,22.6,25.7,29.2,0.3,0.3,17.4,10.5,32.8
2021-08-20,26.2,23.4,25.0,28.6,20.0,20.0,20.0,10.1,34.6
2021-08-21,29.5,22.0,25.7,28.2,0.0,0.0,25.4,14.4,43.2
2021-08-22,27.5,23.0,25.9,29.7,0.4,0.4,21.3,12.9,37.1
2021-08-23,26.0,24.2,25.2,27.9,107.8,107.8,39.5,21.2,73.1
2021-08-24,28.8,22.3,25.4,27.8,0.3,0.3,25.8,15.7,42.5
2021-08-25,28.2,21.5,25.9,29.1,0.0,0.0,30.1,16.2,51.5
2021-08-26,27.8,22.8,25.4,28.1,3.1,3.1,26.6,12.5,43.6
2021-08-27,23.9,20.7,22.3,24.4,9.6,9.6,11.2,6.5,21.2
2021-08-28,25.8,20.2,23.3,25.6,0.3,0.3,21.1,10.1,34.9
2021-08-29,24.8,21.2,23.1,25.2,7.9,7.9,18.0,12.1,31.7
2021-08-30,24.9,23.2,24.0,25.8,73.8,73.8,28.3,22.2,48.2
2021-08-31,27.1,21.5,24.4,27.3,24.1,24.1,28.9,18.3,60.8
2021-09-01,25.9,20.5,22.8,25.0,3.6,3.6,15.7,9.1,27.7
2021-09-02,26.2,21.0,23.3,26.3,0.0,0.0,14.6,7.3,26.6
2021-09-03,26.1,19.9,23.1,26.3,0.0,0.0,12.4,7.8,23.8
2021-09-04,24.1,22.1,23.5,25.7,18.4,18.4,25.8,14.4,42.1
2021-09-05,24.3,20.5,22.8,21.5,59.2,59.2,42.3,35.6,73.8
2021-09-06,25.7,21.9,23.8,24.9,2.6,2.6,30.9,23.0,51.8
2021-09-07,24.7,18.2,22.2,22.1,0.0,0.0,28.4,20.9,49.0
2021-09-08,25.5,17.6,22.3,23.9,0.0,0.0,18.4,11.8,32.8
2021-09-09,25.5,22.7,24.1,26.0,0.9,0.9,24.3,18.9,43.2
2021-09-10,26.1,23.3,24.6,28.3,0.0,0.0,20.1,12.1,36.7
2021-09-11,25.9,23.5,24.6,28.1,0.0,0.0,18.4,14.3,34.6
2021-09-12,27.1,22.4,24.6,28.6,0.0,0.0,19.7,10.5,35.3
2021-09-13,27.5,20.4,24.0,27.2,0.0,0.0,11.1,8.1,24.1
2021-09-14,29.0,20.2,24.1,25.3,0.0,0.0,21.8,16.4,35.3
2021-09-15,27.4,19.5,23.2,25.2,0.0,0.0,17.3,11.4,30.2
2021-09-16,27.0,19.2,22.8,25.5,0.0,0.0,13.8,7.7,22.3
2021-09-17,26.8,20.0,23.1,24.6,0.1,0.1,23.0,13.5,37.1
2021-09-18,24.0,19.8,22.0,24.1,0.0,0.0,15.5,8.5,26.3
2021-09-19,24.5,22.5,23.6,24.4,3.6,3.6,40.1,22.9,67.0
2021-09-20,24.7,20.5,23.3,22.2,20.2,20.2,47.6,33.9,80.6
2021-09-21,27.1,19.8,23.0,24.3,0.6,0.6,24.9,14.6,42.1
2021-09-22,27.0,19.1,22.9,25.0,0.0,0.0,10.9,6.8,22.3
2021-09-23,25.6,18.0,22.5,24.5,0.0,0.0,18.6,12.1,30.6
2021-09-24,25.0,23.0,23.6,23.7,0.0,0.0,27.9,22.4,47.2
2021-09-25,23.3,22.2,22.7,22.7,7.5,7.5,34.9,24.2,56.9
2021-09-26,22.8,21.6,22.3,23.6,37.4,37.4,24.5,17.3,42.5
2021-09-27,24.6,20.8,22.9,23.3,17.1,17.1,29.3,24.6,47.5
2021-09-28,23.4,20.5,21.8,22.9,0.1,0.1,24.2,17.5,40.3
2021-09-29,25.0,18.9,21.8,23.3,1.3,1.3,17.5,12.2,34.9
2021-09-30,24.5,18.5,22.3,24.7,0.0,0.0,20.1,10.6,34.6
2021-10-01,25.3,20.5,22.2,24.4,1.0,1.0,14.8,9.5,35.6
2021-10-02,25.4,19.6,23.0,25.1,0.0,0.0,24.7,16.4,40.0
2021-10-03,25.9,23.9,24.8,25.9,0.0,0.0,34.6,26.8,55.1
2021-10-04,26.2,22.5,24.5,27.8,9.4,9.4,31.4,11.5,52.2
2021-10-05,22.4,17.7,19.8,19.1,0.6,0.6,27.9,18.8,48.6
2021-10-06,23.0,16.9,19.7,20.0,0.8,0.8,24.5,12.6,40.0
2021-10-07,18.1,16.0,17.0,15.4,3.9,3.9,25.2,19.1,42.1
2021-10-08,20.4,15.3,17.3,17.3,17.2,17.2,16.0,11.6,28.1
2021-10-09,24.0,20.6,22.4,24.5,8.7,8.7,26.0,14.8,42.8
2021-10-10,21.1,14.2,18.4,16.2,7.4,7.4,30.9,26.1,51.8
2021-10-11,19.0,13.6,15.9,12.8,0.0,0.0,23.1,17.7,38.5
2021-10-12,19.5,12.4,15.4,12.9,0.0,0.0,18.4,13.9,33.5
2021-10-13,21.5,13.8,17.3,17.3,0.0,0.0,13.4,9.1,23.4
2021-10-14,22.6,14.9,18.3,17.8,0.0,0.0,26.1,13.9,41.4
2021-10-15,22.6,16.3,18.2,16.6,3.1,3.1,27.8,20.7,42.8
2021-10-16,16.5,7.6,11.3,5.1,0.0,0.0,38.0,31.4,60.5
2021-10-17,12.9,6.7,9.6,6.4,0.0,0.0,14.7,10.8,29.5
2021-10-18,15.5,10.1,13.1,10.0,0.0,0.0,22.7,14.5,38.2
2021-10-19,14.2,8.8,11.3,7.0,0.0,0.0,32.1,21.1,51.1
2021-10-20,13.1,7.7,10.2,7.4,0.0,0.0,14.6,9.6,24.5
2021-10-21,15.5,7.8,11.5,8.8,0.0,0.0,19.7,11.7,32.8
2021-10-22,16.5,8.6,12.1,9.2,0.0,0.0,22.0,14.2,35.3
2021-10-23,15.4,8.4,12.1,10.3,0.0,0.0,10.5,6.5,18.0
2021-10-24,17.2,8.8,13.7,12.4,0.0,0.0,10.0,6.1,17.6
2021-10-25,17.5,9.5,13.8,12.3,0.0,0.0,12.3,8.5,22.3
2021-10-26,18.5,10.9,14.8,13.7,0.0,0.0,12.9,9.6,23.4
2021-10-27,18.0,9.9,13.9,12.1,0.0,0.0,13.4,9.4,22.0
2021-10-28,18.5,10.4,15.0,13.9,0.0,0.0,10.2,6.1,15.8
2021-10-29,18.4,11.6,15.4,14.1,0.0,0.0,13.5,7.4,22.3
2021-10-30,18.5,12.0,15.4,14.9,0.1,0.1,12.7,8.7,22.3
2021-10-31,18.1,11.6,15.2,14.4,0.2,0.2,22.9,10.6,36.0
2021-11-01,15.8,9.4,12.0,8.8,0.0,0.0,22.4,16.4,36.0
2021-11-02,14.6,7.8,11.9,10.0,0.0,0.0,11.6,7.7,19.8
2021-11-03,16.5,12.4,14.3,13.4,2.3,2.3,11.5,8.8,22.0
2021-11-04,18.2,12.5,15.6,15.3,0.0,0.0,14.8,8.3,26.6
2021-11-05,19.0,16.0,17.3,15.5,0.2,0.2,26.5,18.4,42.8
2021-11-06,19.4,15.7,17.5,16.2,1.6,1.6,26.6,16.7,42.8
2021-11-07,19.0,2.9,13.0,8.7,21.2,21.2,55.3,30.7,88.2
2021-11-08,5.3,0.8,3.5,-5.0,0.0,0.0,52.4,39.0,87.8
2021-11-09,8.6,4.2,6.5,-0.3,0.0,0.0,36.3,28.0,58.7
2021-11-10,11.6,5.9,8.6,2.8,0.0,0.0,34.0,24.6,55.1
2021-11-11,11.4,7.1,8.9,3.1,0.0,0.0,34.0,25.2,55.1
2021-11-12,11.9,6.3,8.8,4.3,0.0,0.0,23.2,15.8,38.5
2021-11-13,14.9,7.4,11.8,9.0,0.0,0.0,18.1,9.9,31.3
2021-11-14,14.5,5.6,10.7,8.6,0.0,0.0,10.4,7.0,19.4
2021-11-15,16.5,7.1,12.3,10.4,0.0,0.0,16.0,9.4,27.0
2021-11-16,14.9,8.6,11.2,9.8,0.5,0.5,9.9,6.9,16.9
2021-11-17,15.2,8.3,12.3,10.6,0.0,0.0,22.9,12.6,38.2
2021-11-18,15.0,8.2,12.8,10.8,0.0,0.0,24.5,14.2,40.0
2021-11-19,15.8,8.2,12.7,11.0,0.0,0.0,14.8,11.2,26.6
2021-11-20,16.2,10.8,14.1,12.7,0.1,0.1,16.4,11.8,26.3
2021-11-21,14.2,6.1,11.3,7.4,2.0,2.0,38.7,21.9,61.6
2021-11-22,5.4,2.2,3.4,-4.8,0.0,0.0,42.8,34.8,69.1
2021-11-23,7.8,1.5,4.8,-1.0,0.0,0.0,24.1,18.9,39.2
2021-11-24,11.2,1.4,6.9,3.3,0.0,0.0,22.6,12.1,37.8
2021-11-25,12.2,2.7,7.4,4.4,0.0,0.0,11.6,8.3,22.7
2021-11-26,13.2,3.4,7.5,4.4,0.0,0.0,14.5,10.0,26.6
2021-11-27,11.9,3.5,8.0,5.1,0.0,0.0,14.8,11.0,26.6
2021-11-28,13.6,8.6,11.6,8.7,0.1,0.1,20.9,13.5,34.6
2021-11-29,13.8,10.4,11.8,11.0,5.9,5.9,11.6,5.9,25.9
2021-11-30,10.6,3.5,6.2,-1.0,7.2,7.2,46.2,35.6,76.0
2021-12-01,7.2,0.5,4.0,-1.9,0.0,0.0,30.4,21.8,50.4
2021-12-02,9.7,0.6,5.8,1.1,0.0,0.0,20.5,15.1,34.9
2021-12-03,8.8,3.0,5.9,2.3,0.0,0.0,16.6,9.9,27.0
2021-12-04,10.0,1.0,6.3,3.1,0.0,0.0,12.0,9.5,20.9
2021-12-05,11.9,4.8,9.3,6.0,0.0,0.0,20.8,13.5,33.8
2021-12-06,12.1,5.2,9.2,5.8,0.0,0.0,24.5,14.2,39.6
2021-12-07,9.9,2.8,5.6,1.2,0.0,0.0,19.5,14.8,31.3
2021-12-08,10.1,0.2,5.8,3.0,0.0,0.0,15.9,7.6,25.2
2021-12-09,11.8,7.1,9.8,7.8,1.5,1.5,12.8,7.5,22.3
2021-12-10,9.8,5.1,6.9,3.9,0.0,0.0,17.3,12.0,31.3
2021-12-11,10.5,4.7,7.3,3.9,0.0,0.0,14.4,11.9,25.2
2021-12-12,7.8,0.8,4.9,-0.8,0.0,0.0,28.7,22.3,47.2
2021-12-13,4.8,-2.8,1.0,-2.9,0.0,0.0,14.5,8.1,23.4
2021-12-14,9.6,4.7,7.4,3.2,0.0,0.0,27.2,17.8,44.6
2021-12-15,9.9,1.5,6.3,3.7,0.0,0.0,10.9,8.2,19.4
2021-12-16,10.1,3.7,7.0,2.7,0.0,0.0,32.2,18.9,51.5
2021-12-17,2.5,-3.4,-0.7,-8.1,0.1,0.0,44.4,29.1,72.4
2021-12-18,4.8,-5.1,0.2,-5.2,0.0,0.0,21.0,14.4,36.7
2021-12-19,7.8,-1.4,4.7,0.2,0.0,0.0,25.1,15.0,42.5
2021-12-20,10.2,1.5,6.2,2.9,0.0,0.0,15.8,10.3,27.0
2021-12-21,10.4,0.9,5.6,2.2,0.0,0.0,18.0,11.0,31.3
2021-12-22,11.2,4.7,7.9,4.7,0.0,0.0,18.2,12.8,29.5
2021-12-23,9.0,1.9,5.4,2.2,0.0,0.0,23.2,10.7,36.0
2021-12-24,5.1,-5.6,-1.7,-9.7,0.6,0.0,39.2,34.4,63.4
2021-12-25,-3.2,-6.2,-5.0,-12.3,0.3,0.0,31.2,26.5,51.5
2021-12-26,-2.6,-6.8,-4.7,-12.4,0.0,0.0,36.7,27.4,60.1
2021-12-27,4.3,-4.2,-1.1,-6.4,0.0,0.0,16.1,12.5,29.2
2021-12-28,4.7,-3.5,1.1,-3.8,0.0,0.0,20.9,13.1,35.3
2021-12-29,4.9,-2.2,0.9,-4.4,0.0,0.0,30.8,16.9,49.7
2021-12-30,5.7,-3.5,0.2,-4.7,0.0,0.0,21.9,12.6,36.7
2021-12-31,4.6,-4.2,0.5,-3.5,0.0,0.0,13.0,8.0,21.2
2022-01-01,7.0,2.3,5.0,0.5,0.0,0.0,30.9,17.0,50.0
2022-01-02,4.0,-2.0,0.6,-4.0,0.0,0.0,18.4,12.1,31.0
2022-01-03,6.8,-0.7,2.6,-0.9,0.0,0.0,14.8,8.5,23.0
2022-01-04,5.1,-1.9,1.5,-2.9,0.0,0.0,18.8,12.3,29.5
2022-01-05,4.2,-1.1,1.8,-2.1,0.0,0.0,12.2,8.7,20.5
2022-01-06,5.8,-2.2,0.8,-3.3,0.0,0.0,13.0,9.9,25.2
2022-01-07,3.7,-2.8,0.2,-3.6,0.0,0.0,12.1,8.2,22.0
2022-01-08,7.1,-1.7,2.2,-1.2,0.0,0.0,13.2,8.0,20.9
2022-01-09,5.8,-0.9,1.6,-2.3,0.0,0.0,13.7,9.3,24.8
2022-01-10,3.5,-2.4,1.6,-2.7,4.8,4.2,29.5,14.6,46.4
2022-01-11,1.6,-4.3,-1.9,-7.2,0.0,0.0,25.4,15.2,42.8
2022-01-12,4.5,-4.2,0.5,-4.4,0.7,0.6,36.9,15.0,56.5
2022-01-13,1.1,-4.1,-1.3,-7.7,0.0,0.0,38.1,22.1,59.8
2022-01-14,4.2,-4.5,1.2,-3.7,0.0,0.0,23.0,13.2,37.4
2022-01-15,6.5,-0.2,2.3,-2.0,0.0,0.0,23.4,12.3,36.0
2022-01-16,2.7,-3.2,-0.5,-4.9,0.0,0.0,16.4,10.0,30.2
2022-01-17,5.2,-3.4,1.0,-3.6,0.0,0.0,23.7,12.3,38.5
2022-01-18,5.8,-3.7,2.1,-2.4,0.0,0.0,20.9,13.3,35.3
2022-01-19,4.8,-5.0,1.3,-3.8,0.3,0.3,24.6,17.6,41.8
2022-01-20,0.9,-6.0,-3.4,-8.5,0.0,0.0,19.2,11.9,32.0
2022-01-21,2.7,-4.2,-0.7,-4.5,0.0,0.0,11.0,6.7,18.7
2022-01-22,4.7,-0.3,2.2,-1.8,0.5,0.5,18.4,11.9,30.6
2022-01-23,3.5,-2.5,1.1,-4.4,0.0,0.0,25.9,19.5,40.7
2022-01-24,3.5,-2.3,-0.2,-5.7,0.0,0.0,21.3,19.0,36.4
2022-01-25,3.8,-2.4,0.3,-4.2,0.0,0.0,17.3,12.8,30.2
2022-01-26,5.3,-2.4,0.9,-3.3,0.0,0.0,15.7,10.5,25.6
2022-01-27,4.3,-2.1,0.4,-5.0,0.0,0.0,21.3,16.6,33.5
2022-01-28,3.0,-3.4,-0.3,-5.4,0.0,0.0,18.9,14.2,32.0
2022-01-29,4.1,-3.3,-0.2,-4.9,0.0,0.0,15.6,11.9,26.3
2022-01-30,2.8,-3.7,-0.5,-4.8,0.0,0.0,11.2,8.9,22.7
2022-01-31,5.2,-1.2,2.0,-3.1,0.0,0.0,24.3,16.0,40.7
2022-02-01,2.7,-3.2,-0.8,-6.6,0.0,0.0,21.8,17.9,37.4
2022-02-02,3.0,-4.8,-1.1,-5.4,0.0,0.0,10.4,7.9,22.7
2022-02-03,4.0,-3.3,0.6,-3.2,0.0,0.0,11.2,6.7,22.0
2022-02-04,2.7,-4.1,-0.7,-6.4,0.0,0.0,30.6,18.1,49.3
2022-02-05,1.5,-4.2,-1.8,-8.1,0.0,0.0,30.6,19.9,51.1
2022-02-06,4.9,-3.8,-0.4,-5.3,0.0,0.0,17.3,11.2,29.9
2022-02-07,3.3,-2.8,0.3,-3.6,0.0,0.0,8.3,5.1,16.9
2022-02-08,5.6,-2.5,1.5,-2.3,0.0,0.0,11.9,7.6,20.2
2022-02-09,5.7,-0.2,3.2,-0.5,0.0,0.0,17.3,10.0,30.6
2022-02-10,6.5,-1.8,2.6,-0.8,0.0,0.0,15.6,8.7,25.9
2022-02-11,7.2,1.3,4.4,1.5,0.0,0.0,14.9,7.0,25.9
2022-02-12,6.2,-0.2,2.9,-0.3,0.0,0.0,18.1,8.3,29.5
2022-02-13,6.8,-0.4,3.3,0.0,0.0,0.0,16.0,8.0,25.2
2022-02-14,4.1,-4.0,1.2,-4.4,0.6,0.6,29.6,20.5,49.3
2022-02-15,0.4,-5.2,-2.6,-7.2,0.0,0.0,18.4,9.6,32.4
2022-02-16,1.5,-5.6,-2.4,-8.5,0.0,0.0,28.2,19.0,47.5
2022-02-17,0.1,-5.1,-3.0,-8.0,0.0,0.0,19.0,10.7,31.3
2022-02-18,2.2,-4.2,-0.4,-4.1,0.2,0.0,15.3,6.4,24.1
2022-02-19,0.8,-3.2,-0.9,-7.8,0.0,0.0,36.6,25.9,61.2
2022-02-20,3.4,-3.5,-0.3,-5.9,0.0,0.0,20.2,15.9,35.6
2022-02-21,5.9,-3.0,1.0,-4.0,0.0,0.0,21.7,12.9,33.8
2022-02-22,3.7,-4.1,-1.0,-7.0,0.0,0.0,27.6,18.2,47.5
2022-02-23,1.6,-5.9,-1.6,-6.2,0.0,0.0,17.2,9.5,30.2
2022-02-24,5.6,-2.8,2.2,-1.9,0.0,0.0,20.6,12.6,36.4
2022-02-25,7.5,0.2,4.9,0.2,0.0,0.0,31.9,19.3,50.8
2022-02-26,12.1,0.4,6.2,0.5,0.0,0.0,40.1,21.5,65.5
2022-02-27,7.3,-0.3,4.0,-0.6,0.0,0.0,28.0,15.8,46.8
2022-02-28,8.6,4.0,6.0,2.5,0.0,0.0,22.3,14.2,39.2
2022-03-01,8.8,2.0,5.3,0.1,0.0,0.0,31.2,19.0,49.3
2022-03-02,9.3,-0.5,5.1,0.8,0.0,0.0,31.4,14.5,50.4
2022-03-03,10.9,2.0,7.0,3.2,0.0,0.0,20.9,11.9,32.0
2022-03-04,20.9,6.0,10.8,5.1,0.0,0.0,45.2,24.2,79.2
2022-03-05,10.7,-0.6,5.1,-0.2,0.0,0.0,31.6,15.6,52.9
2022-03-06,6.8,-0.5,4.2,-0.2,0.0,0.0,23.2,12.1,39.2
2022-03-07,9.1,4.0,6.5,2.7,0.0,0.0,23.0,14.5,40.0
2022-03-08,9.9,1.6,6.3,3.0,0.0,0.0,18.5,11.0,33.8
2022-03-09,11.1,3.3,7.5,4.4,0.0,0.0,22.7,14.3,40.0
2022-03-10,10.1,6.6,8.1,4.8,0.2,0.2,21.1,16.4,36.7
2022-03-11,14.4,5.3,9.2,7.2,0.0,0.0,16.5,9.0,29.9
2022-03-12,9.0,6.0,7.6,4.6,1.6,1.6,24.4,14.3,41.8
2022-03-13,11.5,6.3,8.6,6.5,0.6,0.6,19.5,10.5,31.0
2022-03-14,16.1,6.1,10.1,6.3,0.5,0.5,29.4,18.0,49.0
2022-03-15,10.2,5.2,7.6,3.9,0.0,0.0,24.5,18.1,42.5
2022-03-16,14.9,5.0,9.1,5.8,0.0,0.0,24.2,13.7,41.4
2022-03-17,5.9,3.0,4.3,-1.6,4.8,4.8,27.0,22.6,43.6
2022-03-18,6.6,2.8,4.2,-0.2,0.8,0.8,25.1,14.1,40.7
2022-03-19,6.2,0.7,3.2,-3.8,0.0,0.0,40.8,30.4,66.6
2022-03-20,6.1,-1.0,2.6,-1.6,0.0,0.0,17.8,11.2,34.2
2022-03-21,7.7,1.1,4.8,1.6,0.0,0.0,14.3,8.6,25.2
2022-03-22,8.6,2.5,5.8,2.0,0.0,0.0,21.0,12.4,37.1
2022-03-23,10.8,5.8,8.4,4.2,0.0,0.0,34.1,19.7,54.0
2022-03-24,10.4,6.6,8.8,4.5,0.0,0.0,35.9,22.7,55.1
2022-03-25,11.9,8.2,9.8,6.2,19.1,19.1,42.4,22.7,66.6
2022-03-26,15.5,7.0,10.6,5.3,0.0,0.0,42.4,26.7,66.6
2022-03-27,12.8,4.0,8.7,4.0,0.0,0.0,34.5,18.8,56.9
2022-03-28,10.0,2.8,6.8,2.9,0.0,0.0,22.8,16.0,37.4
2022-03-29,10.2,6.5,8.3,4.1,0.0,0.0,25.7,22.0,42.8
2022-03-30,17.7,5.9,11.1,7.9,0.2,0.2,27.0,17.6,41.4
2022-03-31,13.5,5.5,8.9,3.6,0.0,0.0,27.4,21.3,44.3
2022-04-01,12.6,4.1,7.4,3.5,0.0,0.0,24.3,12.8,40.3
2022-04-02,10.6,3.3,7.6,4.6,0.0,0.0,18.7,11.1,34.6
2022-04-03,11.6,5.8,9.0,6.1,0.0,0.0,26.3,13.3,44.3
2022-04-04,11.3,7.1,9.2,5.7,0.0,0.0,23.5,17.9,41.8
2022-04-05,12.2,8.6,10.2,6.8,0.2,0.2,24.7,17.6,42.5
2022-04-06,13.0,7.3,10.0,5.5,0.0,0.0,31.0,19.4,52.6
2022-04-07,12.8,5.8,9.1,7.1,0.0,0.0,18.0,9.9,32.4
2022-04-08,13.1,7.2,10.6,7.8,0.0,0.0,23.8,18.5,42.1
2022-04-09,18.0,11.9,14.6,10.9,0.0,0.0,34.5,25.0,51.8
2022-04-10,15.4,11.8,13.3,10.3,0.0,0.0,26.5,23.4,43.9
2022-04-11,16.7,11.6,14.2,11.9,0.0,0.0,24.3,20.7,42.1
2022-04-12,16.4,10.2,13.4,9.9,1.7,1.7,32.1,23.1,56.5
2022-04-13,17.0,9.4,12.3,9.2,0.0,0.0,19.3,11.0,37.1
2022-04-14,17.6,7.6,11.8,9.3,0.0,0.0,22.9,12.4,40.3
2022-04-15,17.3,8.4,12.1,7.3,0.0,0.0,33.2,20.7,54.7
2022-04-16,18.3,7.3,11.6,8.1,0.0,0.0,27.5,14.2,44.3
2022-04-17,18.5,8.6,12.9,10.2,0.0,0.0,20.9,11.3,37.1
2022-04-18,15.1,9.5,12.3,10.2,0.0,0.0,17.6,11.4,32.8
2022-04-19,22.6,8.8,13.6,11.1,0.0,0.0,24.9,13.3,41.0
2022-04-20,16.0,11.2,13.7,10.7,0.0,0.0,29.6,20.9,46.4
2022-04-21,18.6,12.2,15.2,12.0,0.0,0.0,35.6,25.0,56.5
2022-04-22,23.2,11.2,17.6,16.3,0.0,0.0,24.5,12.4,42.1
2022-04-23,15.4,9.9,12.6,10.3,0.0,0.0,21.4,15.6,36.4
2022-04-24,17.1,10.8,13.8,12.0,0.0,0.0,23.2,19.5,40.3
2022-04-25,14.5,12.6,13.5,11.8,1.8,1.8,25.2,17.8,40.0
2022-04-26,23.6,13.8,16.9,16.1,0.0,0.0,34.5,14.8,52.6
2022-04-27,18.4,10.8,14.3,10.8,0.0,0.0,25.5,15.7,43.6
2022-04-28,18.5,9.4,13.5,10.8,3.2,3.2,22.7,11.1,35.6
2022-04-29,17.3,8.1,11.8,9.0,0.0,0.0,24.3,15.6,41.4
2022-04-30,18.0,9.6,14.0,11.2,0.1,0.1,25.7,12.5,43.9
2022-05-01,19.0,7.8,14.0,11.1,0.0,0.0,32.8,16.0,53.3
2022-05-02,19.9,10.6,14.9,12.4,0.0,0.0,28.0,14.1,48.2
2022-05-03,17.5,11.6,14.9,12.5,0.0,0.0,27.8,20.5,43.9
2022-05-04,20.2,15.4,17.6,14.2,0.0,0.0,36.1,28.2,55.1
2022-05-05,18.0,14.8,16.3,13.4,0.0,0.0,31.4,25.5,50.0
2022-05-06,18.6,14.6,16.5,15.4,0.0,0.0,22.8,18.3,42.1
2022-05-07,20.8,13.4,16.5,14.0,0.1,0.1,23.6,15.3,40.0
2022-05-08,18.0,12.2,15.4,12.8,0.0,0.0,16.2,8.9,29.9
2022-05-09,16.1,10.0,13.2,10.9,1.8,1.8,17.3,12.0,29.5
2022-05-10,14.9,11.9,13.5,12.2,2.2,2.2,16.6,10.2,29.5
2022-05-11,18.6,11.9,14.8,14.0,0.0,0.0,20.6,9.9,35.6
2022-05-12,18.1,10.6,14.7,13.9,0.0,0.0,19.7,10.4,36.7
2022-05-13,18.0,12.4,14.7,12.7,1.1,1.1,24.6,12.7,41.0
2022-05-14,20.3,9.6,15.1,13.1,0.0,0.0,20.0,10.8,34.2
2022-05-15,18.8,10.5,15.3,13.5,0.0,0.0,22.1,13.8,39.2
2022-05-16,21.9,14.2,18.2,16.4,0.0,0.0,31.1,15.0,50.4
2022-05-17,22.2,14.5,18.9,17.4,0.0,0.0,33.1,16.5,53.3
2022-05-18,24.2,18.9,21.5,18.3,0.0,0.0,44.9,25.0,67.3
2022-05-19,22.4,16.5,19.4,17.6,0.0,0.0,31.6,18.5,52.2
2022-05-20,21.0,15.4,17.7,17.6,0.0,0.0,18.9,12.7,34.2
2022-05-21,19.5,15.1,17.2,16.9,0.0,0.0,22.8,15.7,40.7
2022-05-22,25.1,15.9,21.1,21.1,0.0,0.0,25.7,13.8,42.5
2022-05-23,21.8,17.8,19.6,19.1,0.0,0.0,22.2,15.8,40.7
2022-05-24,21.5,17.4,19.2,18.7,0.0,0.0,24.2,19.1,43.2
2022-05-25,22.6,14.8,19.1,17.8,0.8,0.8,35.1,18.9,59.8
2022-05-26,21.8,13.4,18.3,16.2,0.0,0.0,41.4,18.4,66.2
2022-05-27,26.2,16.6,22.4,20.1,0.0,0.0,42.2,20.4,64.4
2022-05-28,23.3,19.6,21.4,20.0,0.0,0.0,27.7,22.2,46.1
2022-05-29,21.1,18.1,19.8,19.2,4.7,4.7,29.5,23.2,49.7
2022-05-30,28.4,17.5,21.5,20.1,2.8,2.8,25.9,16.3,43.9
2022-05-31,24.6,18.4,21.0,17.7,0.0,0.0,39.1,29.5,61.2
2022-06-01,24.3,17.0,20.8,20.8,0.0,0.0,21.3,13.5,35.6
2022-06-02,23.9,18.3,20.8,21.4,0.0,0.0,23.1,17.8,40.3
2022-06-03,21.8,19.2,20.2,20.2,0.0,0.0,27.8,23.2,44.6
2022-06-04,20.0,19.2,19.6,19.4,6.3,6.3,27.3,22.5,45.0
2022-06-05,24.0,18.2,20.5,21.6,0.0,0.0,25.4,13.2,41.8
2022-06-06,27.0,18.0,21.2,21.0,0.1,0.1,30.9,16.7,48.6
2022-06-07,25.6,16.5,19.7,18.1,0.0,0.0,28.9,18.8,48.2
2022-06-08,21.0,16.6,19.0,18.5,0.1,0.1,26.7,18.7,44.6
2022-06-09,22.0,18.4,20.0,20.1,1.7,1.7,23.6,19.5,40.7
2022-06-10,22.9,19.1,20.4,20.9,1.0,1.0,25.1,18.5,40.3
2022-06-11,22.1,19.4,20.6,21.3,0.3,0.3,23.4,17.8,39.6
2022-06-12,22.5,18.9,20.3,20.6,0.0,0.0,22.3,18.5,38.2
2022-06-13,23.0,19.5,21.0,21.0,1.9,1.9,26.7,21.3,46.4
2022-06-14,21.8,17.9,20.1,21.1,8.1,8.1,21.3,13.7,37.4
2022-06-15,27.1,17.9,21.4,22.0,0.0,0.0,25.5,15.9,43.2
2022-06-16,23.8,19.4,21.4,22.3,0.0,0.0,24.6,17.9,41.0
2022-06-17,25.2,20.6,22.5,24.0,15.7,15.7,30.9,19.7,53.3
2022-06-18,25.5,21.9,23.4,25.7,0.0,0.0,20.6,16.6,34.9
2022-06-19,23.5,21.4,22.5,24.4,0.0,0.0,22.4,18.7,38.5
2022-06-20,23.7,20.7,22.1,24.0,0.5,0.5,22.5,17.9,39.2
2022-06-21,23.2,20.4,21.6,23.2,0.3,0.3,22.5,18.4,39.6
2022-06-22,23.7,20.4,22.2,23.8,0.0,0.0,23.7,19.5,39.2
2022-06-23,28.5,22.3,24.1,27.0,90.3,90.3,31.9,16.3,52.2
2022-06-24,30.4,20.4,24.7,29.3,0.0,0.0,16.2,9.0,29.9
2022-06-25,27.8,22.5,24.9,28.1,0.0,0.0,26.5,18.6,42.5
2022-06-26,26.6,23.2,25.0,28.3,14.5,14.5,22.2,17.6,38.9
2022-06-27,26.0,23.4,24.7,26.6,31.6,31.6,34.3,26.3,64.8
2022-06-28,25.2,23.5,24.1,27.6,60.8,60.8,25.6,15.2,44.6
2022-06-29,27.3,22.8,24.8,29.7,0.9,0.9,20.0,9.9,35.3
2022-06-30,28.1,22.5,24.5,28.7,29.2,29.2,34.2,13.3,54.7
2022-07-01,26.1,22.1,24.3,27.2,5.1,5.1,24.6,18.0,39.2
2022-07-02,26.0,23.5,24.5,27.3,4.2,4.2,30.3,20.4,47.9
2022-07-03,25.8,23.4,24.5,27.1,0.7,0.7,23.0,19.8,38.5
2022-07-04,25.2,23.5,24.5,27.8,1.0,1.0,21.2,16.6,34.2
2022-07-05,25.8,23.2,24.5,28.2,0.0,0.0,22.0,15.7,34.9
2022-07-06,26.5,24.2,25.2,28.1,9.4,9.4,28.8,23.1,45.0
2022-07-07,28.3,24.0,25.3,28.4,1.4,1.4,27.0,17.2,44.6
2022-07-08,27.9,22.9,25.5,30.4,0.0,0.0,17.7,9.8,30.6
2022-07-09,27.1,22.4,24.7,29.6,0.0,0.0,16.4,11.4,29.5
2022-07-10,26.9,24.0,25.1,29.3,5.9,5.9,21.6,13.8,39.6
2022-07-11,28.1,24.5,25.9,30.3,0.6,0.6,22.2,13.7,34.6
2022-07-12,27.4,24.5,25.7,28.5,24.8,24.8,33.7,24.3,54.0
2022-07-13,29.5,25.1,27.0,31.2,23.8,23.8,21.1,14.5,38.2
2022-07-14,28.4,24.2,26.3,31.7,0.0,0.0,16.4,8.0,32.4
2022-07-15,30.2,24.1,26.8,32.9,0.0,0.0,15.7,7.6,28.8
2022-07-16,29.4,24.1,27.0,32.4,0.5,0.5,23.1,8.4,35.6
2022-07-17,24.5,22.2,23.4,25.3,31.2,31.2,28.8,17.9,50.0
2022-07-18,29.5,22.2,25.6,29.8,0.1,0.1,16.6,10.5,27.0
2022-07-19,27.2,22.4,25.5,30.2,0.3,0.3,15.3,9.5,28.1
2022-07-20,28.2,22.7,25.0,28.5,4.0,4.0,27.3,12.7,50.4
2022-07-21,26.0,21.7,24.2,27.6,0.0,0.0,19.2,11.8,33.1
2022-07-22,29.1,23.1,25.9,30.3,0.0,0.0,13.7,9.5,24.5
2022-07-23,26.9,23.6,25.0,27.9,29.5,29.5,34.8,16.9,55.8
2022-07-24,28.6,22.6,25.1,29.0,0.0,0.0,21.4,12.0,36.0
2022-07-25,26.5,22.9,24.8,28.8,0.0,0.0,18.4,13.2,33.1
2022-07-26,26.9,23.8,25.2,27.9,1.8,1.8,23.8,18.8,40.7
2022-07-27,27.6,23.9,25.6,30.7,2.6,2.6,18.4,8.6,33.8
2022-07-28,27.8,23.5,25.9,30.8,0.2,0.2,22.9,13.3,40.0
2022-07-29,27.9,25.2,26.3,31.1,7.6,7.6,18.4,12.7,31.3
2022-07-30,29.2,25.4,27.1,31.8,0.2,0.2,18.9,13.3,32.4
2022-07-31,29.5,24.9,26.9,31.7,4.7,4.7,17.5,10.7,32.4
2022-08-01,32.0,24.9,27.9,32.4,0.1,0.1,21.3,15.0,35.6
2022-08-02,29.5,24.9,27.3,33.5,0.0,0.0,17.6,8.8,31.0
2022-08-03,29.4,26.5,28.0,34.3,0.0,0.0,20.0,13.1,34.9
2022-08-04,29.7,26.9,28.3,34.3,0.0,0.0,17.6,13.9,31.0
2022-08-05,30.7,27.0,28.9,35.9,0.0,0.0,18.8,11.9,32.8
2022-08-06,31.9,28.0,29.5,36.8,1.9,1.9,17.7,11.1,30.6
2022-08-07,30.6,28.5,29.6,35.2,0.0,0.0,25.2,19.9,42.5
2022-08-08,31.4,28.8,29.9,36.9,2.7,2.7,16.5,10.9,24.8
2022-08-09,30.1,23.5,27.2,32.8,36.4,36.4,17.7,10.5,31.0
2022-08-10,25.9,23.2,24.5,28.8,69.4,69.4,12.4,6.4,28.1
2022-08-11,28.6,24.2,26.1,31.2,4.5,4.5,12.5,6.0,25.9
2022-08-12,29.0,25.5,27.2,32.5,25.9,25.9,25.0,12.7,39.6
2022-08-13,28.8,26.5,27.8,33.9,20.2,20.2,25.5,9.1,39.6
2022-08-14,31.1,27.0,29.1,34.9,0.9,0.9,21.4,16.0,34.6
2022-08-15,33.2,27.9,29.8,35.5,1.2,1.2,23.1,16.5,40.3
2022-08-16,29.5,24.2,27.1,31.3,0.0,0.0,13.1,8.3,21.2
2022-08-17,28.4,22.0,25.3,28.0,0.0,0.0,18.0,12.0,30.6
2022-08-18,28.6,23.6,26.8,29.7,0.0,0.0,26.2,17.4,41.8
2022-08-19,30.5,26.4,28.3,33.1,3.6,3.6,26.7,19.5,41.0
2022-08-20,28.5,22.0,25.3,27.6,0.0,0.0,21.0,14.4,35.3
2022-08-21,27.3,21.0,25.2,28.4,0.0,0.0,21.5,10.8,33.5
2022-08-22,29.3,26.0,27.4,31.5,43.1,43.1,28.3,19.8,45.7
2022-08-23,27.7,21.1,24.9,24.6,0.0,0.0,29.9,22.5,46.4
2022-08-24,27.0,19.4,23.3,24.5,0.0,0.0,15.5,10.0,28.1
2022-08-25,23.4,21.0,22.3,24.4,5.8,5.8,16.0,8.6,27.4
2022-08-26,26.5,19.5,23.5,26.5,0.0,0.0,17.4,9.4,30.2
2022-08-27,26.0,20.5,23.2,23.4,0.0,0.0,21.6,13.4,34.2
2022-08-28,24.8,21.4,22.9,23.7,2.5,2.5,17.5,10.9,30.2
2022-08-29,22.8,20.5,21.5,23.5,9.3,9.3,11.9,8.1,20.9
2022-08-30,23.0,20.1,21.5,22.8,6.4,6.4,18.7,14.2,31.0
2022-08-31,26.6,19.0,22.9,24.7,0.0,0.0,14.5,12.2,27.4
2022-09-01,27.8,20.3,23.5,26.0,0.0,0.0,12.3,7.0,24.5
2022-09-02,27.5,19.3,23.0,25.1,0.0,0.0,13.3,8.6,24.1
2022-09-03,26.5,20.0,23.3,25.7,1.8,1.8,15.5,10.3,28.8
2022-09-04,24.7,21.5,22.8,24.8,6.3,6.3,25.7,13.9,41.4
2022-09-05,27.0,20.4,23.2,25.7,0.0,0.0,14.8,9.4,24.8
2022-09-06,25.5,19.2,22.9,26.0,0.0,0.0,18.4,10.5,33.1
2022-09-07,27.2,18.5,23.1,24.6,0.0,0.0,13.1,9.2,23.8
2022-09-08,26.6,19.3,23.3,25.7,0.0,0.0,15.5,6.7,26.3
2022-09-09,27.5,19.2,23.5,26.0,0.0,0.0,9.7,6.4,18.4
2022-09-10,25.1,20.9,23.0,25.5,0.0,0.0,17.1,10.6,31.0
2022-09-11,24.9,19.3,22.7,24.6,0.0,0.0,18.2,10.9,31.7
2022-09-12,25.4,20.0,23.1,25.5,0.0,0.0,16.9,9.9,31.0
2022-09-13,27.0,20.8,23.9,25.8,0.0,0.0,15.3,10.8,28.4
2022-09-14,23.7,20.5,22.1,23.6,92.5,92.5,21.0,15.9,35.3
2022-09-15,24.9,20.9,23.7,24.4,68.2,68.2,44.1,27.9,70.2
2022-09-16,25.0,20.1,23.2,23.8,8.1,8.1,35.2,23.2,59.8
2022-09-17,24.6,18.6,21.6,24.0,0.0,0.0,13.0,7.9,24.8
2022-09-18,29.4,19.5,23.6,24.7,0.0,0.0,33.0,17.6,51.8
2022-09-19,23.5,17.9,20.5,16.1,0.0,0.0,35.7,31.0,55.8
2022-09-20,21.8,14.6,18.8,16.7,0.0,0.0,23.4,15.1,37.1
2022-09-21,22.6,14.2,19.0,18.6,0.0,0.0,18.1,10.2,28.1
2022-09-22,22.6,20.0,21.4,20.7,0.0,0.0,23.9,18.2,40.7
2022-09-23,21.7,14.4,18.0,14.0,0.2,0.2,41.3,26.2,67.3
2022-09-24,21.2,13.1,17.9,17.0,0.0,0.0,11.1,7.9,18.7
2022-09-25,22.7,17.4,20.4,20.1,0.0,0.0,19.7,11.9,33.8
2022-09-26,23.4,17.5,20.7,21.7,0.0,0.0,11.2,7.6,23.0
2022-09-27,22.5,17.1,20.0,20.9,0.0,0.0,12.8,7.8,23.8
2022-09-28,23.2,18.0,21.1,22.4,0.0,0.0,17.3,9.5,28.8
2022-09-29,23.3,20.5,21.8,23.3,0.0,0.0,20.6,13.3,33.5
2022-09-30,23.4,20.3,22.1,23.3,0.0,0.0,19.9,15.6,34.9
2022-10-01,23.4,21.1,22.2,22.8,4.7,4.7,31.6,20.5,50.4
2022-10-02,24.5,21.9,23.3,25.9,14.1,14.1,30.3,17.3,49.0
2022-10-03,24.6,15.1,21.5,22.6,13.4,13.4,42.9,21.0,70.9
2022-10-04,14.8,12.4,13.5,7.4,2.0,2.0,42.5,35.1,70.2
2022-10-05,15.2,10.2,12.9,8.3,0.0,0.0,29.4,22.4,46.8
2022-10-06,16.4,10.5,13.5,10.5,0.0,0.0,19.3,12.9,30.2
2022-10-07,16.9,10.0,13.8,12.1,0.0,0.0,11.0,7.9,22.7
2022-10-08,18.8,11.4,16.2,14.5,0.0,0.0,15.6,11.4,27.7
2022-10-09,18.0,12.1,15.0,9.8,0.5,0.5,42.3,30.1,68.4
2022-10-10,15.1,10.0,12.1,6.1,0.0,0.0,42.2,29.4,68.8
2022-10-11,17.3,8.6,13.6,11.4,0.0,0.0,12.3,8.6,23.8
2022-10-12,17.8,8.9,14.2,12.8,0.0,0.0,11.1,7.9,18.7
2022-10-13,18.7,11.0,15.7,15.3,0.0,0.0,11.0,7.0,20.2
2022-10-14,18.8,13.4,16.4,16.7,0.0,0.0,8.4,5.5,18.4
2022-10-15,19.5,13.1,16.0,15.9,0.0,0.0,11.2,7.1,19.8
2022-10-16,21.8,12.9,17.1,15.7,0.0,0.0,30.1,14.4,47.2
2022-10-17,16.0,9.4,12.3,7.5,0.0,0.0,35.1,22.9,57.2
2022-10-18,16.2,6.2,11.1,8.2,0.0,0.0,14.5,10.3,25.6
2022-10-19,17.2,9.3,14.0,11.7,0.0,0.0,11.9,7.7,20.5
2022-10-20,18.2,10.9,15.4,13.4,0.0,0.0,23.1,14.9,37.4
2022-10-21,19.1,15.5,17.2,16.6,0.0,0.0,20.2,11.2,32.4
2022-10-22,21.7,12.3,16.4,15.2,0.0,0.0,25.0,14.0,38.5
2022-10-23,17.5,9.6,13.7,11.8,0.0,0.0,16.6,10.0,31.7
2022-10-24,17.2,10.6,14.2,12.4,0.0,0.0,15.0,9.5,26.6
2022-10-25,18.8,14.0,16.4,14.4,0.0,0.0,24.9,16.0,42.1
2022-10-26,17.9,13.1,16.1,14.4,0.0,0.0,19.7,13.4,32.0
2022-10-27,19.5,11.5,14.6,13.1,0.0,0.0,16.6,11.5,25.9
2022-10-28,17.0,8.6,12.6,9.3,0.0,0.0,19.1,15.9,33.1
2022-10-29,16.5,8.9,12.3,9.9,0.0,0.0,16.3,10.5,27.4
2022-10-30,17.1,10.0,13.5,12.5,0.0,0.0,10.8,7.5,21.6
2022-10-31,18.3,12.1,15.3,14.6,0.0,0.0,10.8,7.5,21.6
2022-11-01,17.1,9.4,12.6,10.3,0.0,0.0,15.5,10.7,28.8
2022-11-02,17.0,9.8,13.6,12.2,0.0,0.0,12.6,9.0,24.8
2022-11-03,15.0,6.9,11.9,8.8,0.1,0.1,23.6,16.7,39.6
2022-11-04,12.9,3.7,8.6,5.1,0.0,0.0,16.3,12.5,29.9
2022-11-05,14.2,3.8,9.5,6.7,0.0,0.0,10.8,8.5,21.2
2022-11-06,16.5,8.2,13.5,10.4,0.0,0.0,26.7,17.4,41.8
2022-11-07,18.4,11.4,15.2,13.0,0.0,0.0,27.5,14.0,42.8
2022-11-08,15.8,9.6,12.3,11.4,0.0,0.0,11.2,7.8,18.4
2022-11-09,17.9,12.5,15.6,14.7,0.0,0.0,16.7,10.9,28.4
2022-11-10,18.9,14.2,16.8,17.2,0.2,0.2,14.1,8.5,23.4
2022-11-11,19.1,16.8,17.8,17.2,0.3,0.3,20.4,17.4,33.5
2022-11-12,19.2,9.1,15.9,12.9,10.0,10.0,45.5,30.3,71.6
2022-11-13,10.8,6.3,8.4,2.0,0.0,0.0,40.5,29.8,65.5
2022-11-14,10.6,4.8,7.4,4.2,0.0,0.0,19.6,10.0,31.7
2022-11-15,15.1,4.9,9.6,6.9,0.0,0.0,12.2,9.4,23.4
2022-11-16,15.1,4.8,11.1,8.4,0.0,0.0,19.1,10.2,31.0
2022-11-17,17.5,10.1,14.4,13.0,0.0,0.0,15.7,9.5,24.8
2022-11-18,16.4,8.5,13.1,11.0,0.0,0.0,18.7,12.6,33.5
2022-11-19,14.8,12.9,13.9,13.4,3.6,3.6,12.3,7.2,20.5
2022-11-20,16.1,11.4,13.8,13.5,1.4,1.4,12.0,6.4,21.2
2022-11-21,16.5,12.4,14.0,12.9,0.5,0.5,17.6,10.6,27.0
2022-11-22,12.1,8.6,10.1,7.5,7.5,7.5,17.7,13.9,28.4
2022-11-23,12.6,6.1,10.0,8.3,0.2,0.2,12.8,8.1,22.0
2022-11-24,15.0,8.4,13.1,10.9,0.0,0.0,23.9,15.8,39.6
2022-11-25,17.9,9.1,14.3,11.9,0.0,0.0,25.5,18.2,42.1
2022-11-26,11.9,7.2,9.2,5.0,0.0,0.0,27.9,16.5,44.3
2022-11-27,16.4,12.2,15.1,11.4,3.7,3.7,35.1,29.4,56.2
2022-11-28,16.2,9.3,13.9,11.5,5.5,5.5,40.5,22.2,64.8
2022-11-29,9.0,-0.9,4.4,-3.7,0.8,0.8,44.2,39.1,70.6
2022-11-30,-1.4,-3.0,-2.1,-9.8,0.1,0.0,43.5,31.0,70.9
2022-12-01,1.1,-3.3,-1.3,-7.7,0.0,0.0,24.5,20.3,40.0
2022-12-02,6.1,-4.4,1.6,-3.3,0.0,0.0,22.2,13.1,35.6
2022-12-03,7.2,-0.2,2.9,-2.0,0.0,0.0,23.7,15.4,36.7
2022-12-04,3.8,-0.1,1.4,-4.1,0.0,0.0,22.3,17.6,36.4
2022-12-05,5.0,-1.2,1.9,-2.6,0.0,0.0,17.8,11.1,28.1
2022-12-06,7.8,-2.2,2.7,-1.3,0.0,0.0,14.8,9.7,23.4
2022-12-07,7.9,-0.8,3.9,0.4,0.0,0.0,12.2,8.6,20.9
2022-12-08,8.3,2.5,6.0,3.3,0.0,0.0,11.2,6.4,16.9
2022-12-09,9.9,3.2,6.0,3.0,0.0,0.0,11.2,8.8,20.9
2022-12-10,6.4,1.5,4.3,-1.1,0.6,0.6,41.4,22.8,67.3
2022-12-11,5.6,-1.4,1.8,-2.8,0.0,0.0,27.4,13.2,46.4
2022-12-12,6.3,0.3,3.2,-2.1,0.0,0.0,27.7,16.7,45.4
2022-12-13,4.2,-2.2,0.6,-6.1,0.0,0.0,39.8,23.8,63.0
2022-12-14,3.8,-3.0,-0.5,-6.3,0.0,0.0,26.8,16.4,44.6
2022-12-15,6.4,-3.0,2.4,-3.2,0.0,0.0,31.5,19.0,52.6
2022-12-16,0.4,-4.1,-2.0,-8.0,0.0,0.0,22.6,19.0,36.4
2022-12-17,-2.6,-5.9,-4.3,-12.5,0.0,0.0,40.5,30.8,66.2
2022-12-18,1.3,-4.2,-2.0,-8.0,0.0,0.0,28.6,16.8,46.1
2022-12-19,5.2,-2.6,1.2,-3.0,0.0,0.0,13.7,8.3,22.3
2022-12-20,8.6,1.2,5.2,0.7,0.0,0.0,24.3,15.7,38.9
2022-12-21,4.0,-1.1,1.0,-4.6,0.0,0.0,25.8,18.3,42.8
2022-12-22,-1.0,-4.3,-2.7,-10.6,0.9,0.0,44.3,31.8,71.6
2022-12-23,-1.4,-4.7,-3.4,-11.2,0.0,0.0,36.5,30.0,59.4
2022-12-24,1.4,-3.5,-1.1,-8.4,0.0,0.0,36.2,29.3,58.7
2022-12-25,3.8,-2.5,-0.2,-5.5,0.0,0.0,21.5,16.5,35.6
2022-12-26,4.0,-1.9,0.5,-3.9,0.0,0.0,14.3,11.1,27.0
2022-12-27,4.8,-3.8,0.1,-4.4,0.0,0.0,23.2,11.7,36.0
2022-12-28,2.7,-3.4,-0.4,-5.5,0.0,0.0,21.5,11.9,34.6
2022-12-29,4.7,-3.2,-0.0,-4.7,0.0,0.0,16.4,10.8,29.2
2022-12-30,2.8,-4.0,-1.0,-5.4,0.0,0.0,12.9,9.4,20.9
2022-12-31,6.1,-2.2,1.6,-2.2,0.0,0.0,14.1,8.5,20.2
2023-01-01,5.3,-2.0,0.6,-3.7,0.0,0.0,16.0,10.7,27.4
2023-01-02,4.1,-3.0,0.7,-3.2,0.0,0.0,10.2,7.6,20.5
2023-01-03,3.8,-3.1,-0.2,-4.3,0.0,0.0,12.4,8.7,22.3
2023-01-04,5.9,-0.2,2.1,-1.3,0.0,0.0,12.5,7.4,15.5
2023-01-05,4.4,-0.6,1.8,-1.2,0.0,0.0,11.4,6.7,17.3
2023-01-06,9.4,0.6,4.0,-0.4,0.0,0.0,28.0,14.6,43.9
2023-01-07,7.2,-2.6,3.1,-1.2,0.0,0.0,21.5,11.2,32.8
2023-01-08,8.7,3.6,6.5,3.0,0.0,0.0,21.4,13.7,32.4
2023-01-09,7.4,-0.6,3.4,-1.7,0.0,0.0,21.4,17.2,33.8
2023-01-10,4.1,-2.3,0.6,-3.3,0.0,0.0,13.0,8.8,20.9
2023-01-11,8.1,1.1,5.3,1.7,0.0,0.0,19.6,13.1,33.1
2023-01-12,10.2,5.0,8.5,5.4,6.1,6.1,25.3,16.4,37.8
2023-01-13,9.4,2.8,7.3,3.3,1.3,1.3,32.8,20.6,51.1
2023-01-14,2.4,-4.3,-1.6,-10.3,0.7,0.0,47.7,39.1,76.0
2023-01-15,-2.2,-5.2,-4.0,-12.3,0.1,0.0,41.0,33.6,65.2
2023-01-16,0.9,-4.4,-2.1,-7.7,0.0,0.0,21.5,14.9,38.2
2023-01-17,4.2,-1.9,0.7,-4.0,0.0,0.0,17.3,10.2,27.0
2023-01-18,3.4,-4.8,0.2,-4.4,0.0,0.0,19.2,11.3,31.0
2023-01-19,8.8,-2.2,2.9,-2.1,0.0,0.0,24.5,15.3,42.5
2023-01-20,1.0,-4.1,-1.4,-7.0,0.0,0.0,23.4,15.1,39.6
2023-01-21,5.3,-3.8,2.1,-3.0,0.0,0.0,27.4,17.3,45.7
2023-01-22,6.1,1.9,4.3,1.2,0.1,0.1,16.5,8.2,27.4
2023-01-23,1.5,-7.2,-2.1,-8.6,0.0,0.0,36.4,24.5,58.7
2023-01-24,-7.3,-10.2,-8.4,-17.2,1.1,0.0,42.1,34.4,69.1
2023-01-25,-0.7,-11.3,-5.1,-10.8,0.0,0.0,25.1,14.8,41.8
2023-01-26,0.7,-4.7,-2.3,-8.1,0.0,0.0,26.7,16.8,41.8
2023-01-27,0.1,-6.2,-3.1,-10.1,0.0,0.0,41.3,24.8,67.7
2023-01-28,3.1,-6.1,-1.6,-7.0,0.0,0.0,25.7,13.3,43.6
2023-01-29,7.2,-3.1,1.2,-3.9,0.0,0.0,27.2,12.6,42.1
2023-01-30,6.4,-2.5,2.8,-1.9,0.0,0.0,23.5,15.4,38.9
2023-01-31,7.3,-0.6,4.0,0.9,0.0,0.0,16.5,7.7,29.2
2023-02-01,3.8,-1.9,1.3,-5.3,0.0,0.0,38.2,24.4,60.1
2023-02-02,2.3,-2.5,-0.3,-5.0,0.0,0.0,16.9,9.9,27.7
2023-02-03,4.0,-2.5,1.1,-3.1,0.0,0.0,21.0,9.5,36.0
2023-02-04,6.6,-2.7,1.1,-2.9,0.0,0.0,12.0,9.4,23.0
2023-02-05,5.8,-1.4,2.8,-1.3,0.0,0.0,21.4,13.8,37.4
2023-02-06,8.2,1.4,4.5,1.5,0.0,0.0,14.9,9.4,24.5
2023-02-07,4.8,-0.2,2.0,-1.2,0.0,0.0,14.2,7.3,24.8
2023-02-08,6.9,0.4,3.0,-0.8,0.0,0.0,13.4,9.4,21.6
2023-02-09,4.6,-0.4,2.4,-1.0,0.3,0.3,10.7,7.0,20.2
2023-02-10,8.3,1.5,3.9,0.2,0.0,0.0,18.0,10.8,32.4
2023-02-11,7.2,0.9,4.1,0.6,0.0,0.0,19.9,11.6,33.1
2023-02-12,4.9,1.4,3.4,-0.6,6.4,6.0,27.8,14.5,42.1
2023-02-13,3.7,-2.0,0.8,-6.9,0.1,0.0,36.2,32.9,59.4
2023-02-14,4.9,-2.2,0.7,-5.6,0.0,0.0,30.5,22.6,49.7
2023-02-15,4.5,-3.2,-0.1,-5.6,0.0,0.0,21.8,16.9,35.6
2023-02-16,4.9,-4.6,1.2,-3.1,0.0,0.0,23.1,12.0,40.7
2023-02-17,6.5,0.2,4.2,0.5,0.0,0.0,17.7,13.5,32.4
2023-02-18,8.4,3.6,5.7,2.9,0.2,0.2,27.1,10.0,39.6
2023-02-19,7.4,0.2,3.5,-2.5,0.0,0.0,41.7,22.3,68.0
2023-02-20,7.2,-1.9,2.8,-2.6,0.0,0.0,27.1,16.9,43.6
2023-02-21,4.3,-3.2,-0.0,-4.9,0.0,0.0,20.6,11.7,36.0
2023-02-22,3.8,-2.3,1.5,-3.0,0.0,0.0,22.3,12.9,37.8
2023-02-23,7.6,-1.8,3.0,-0.5,0.0,0.0,16.2,8.2,27.4
2023-02-24,9.0,-0.3,4.3,-0.7,0.0,0.0,28.8,16.2,45.7
2023-02-25,7.0,-2.5,1.5,-3.8,0.0,0.0,21.7,15.7,38.5
2023-02-26,6.8,-3.5,1.7,-2.6,0.0,0.0,16.9,10.7,30.6
2023-02-27,6.6,-0.8,3.9,-0.4,0.0,0.0,22.9,15.8,39.6
2023-02-28,7.1,2.2,5.1,1.7,0.0,0.0,19.8,12.6,32.8
2023-03-01,12.6,2.1,6.2,0.9,0.0,0.0,31.5,20.0,50.4
2023-03-02,7.4,-2.3,3.8,-0.6,0.0,0.0,25.5,14.0,42.1
2023-03-03,9.1,1.8,6.7,2.0,0.0,0.0,29.3,19.1,48.2
2023-03-04,9.2,4.0,7.0,3.3,0.0,0.0,20.1,15.6,35.6
2023-03-05,9.8,5.5,7.5,3.6,0.0,0.0,22.6,18.6,39.2
2023-03-06,11.4,6.2,8.9,5.4,0.0,0.0,24.1,17.1,41.8
2023-03-07,12.9,4.3,9.6,6.5,0.0,0.0,19.9,14.5,36.4
2023-03-08,22.6,6.2,12.2,9.0,0.0,0.0,32.8,16.6,50.4
2023-03-09,12.1,4.2,8.9,6.0,0.0,0.0,23.1,13.4,38.9
2023-03-10,16.5,8.1,12.4,9.1,0.0,0.0,31.3,18.7,48.2
2023-03-11,16.0,6.7,12.2,8.7,0.0,0.0,26.7,15.9,43.2
2023-03-12,7.9,0.9,5.8,-1.4,0.0,0.0,44.4,29.7,74.2
2023-03-13,11.4,1.7,7.8,1.8,0.0,0.0,39.1,27.1,63.0
2023-03-14,12.6,8.1,10.0,4.7,0.0,0.0,34.2,27.9,56.5
2023-03-15,11.2,3.7,8.4,2.1,0.0,0.0,38.6,24.3,61.2
2023-03-16,8.9,1.1,5.8,2.0,0.0,0.0,15.8,8.1,27.4
2023-03-17,7.8,2.5,5.8,2.1,0.1,0.1,12.0,6.7,23.0
2023-03-18,13.0,0.2,6.5,3.0,0.0,0.0,18.8,10.0,30.2
2023-03-19,11.2,5.4,8.3,5.0,0.0,0.0,21.6,12.6,37.4
2023-03-20,9.5,5.3,7.5,4.1,0.0,0.0,20.0,15.2,37.4
2023-03-21,11.1,6.8,9.1,5.8,0.0,0.0,21.1,14.8,35.6
2023-03-22,11.8,9.2,10.4,8.8,17.7,17.7,22.0,8.8,32.8
2023-03-23,15.9,7.0,10.9,5.6,0.0,0.0,32.8,24.4,53.6
2023-03-24,11.2,4.2,6.9,1.7,0.0,0.0,22.5,15.9,37.4
2023-03-25,9.4,0.5,5.9,2.4,0.0,0.0,17.7,9.3,28.4
2023-03-26,10.1,2.4,6.4,3.1,0.0,0.0,21.2,10.9,35.3
2023-03-27,12.4,3.6,8.6,5.5,0.0,0.0,29.5,13.6,46.8
2023-03-28,12.1,5.0,9.0,5.5,0.0,0.0,21.9,13.3,38.5
2023-03-29,12.9,7.7,9.9,7.1,0.0,0.0,19.6,14.1,36.4
2023-03-30,13.8,5.9,9.8,7.5,0.0,0.0,19.5,11.3,36.4
2023-03-31,14.6,4.5,9.8,7.6,0.0,0.0,15.5,10.1,30.6
2023-04-01,15.1,5.8,11.0,8.0,0.0,0.0,14.2,9.5,28.8
2023-04-02,17.0,5.7,11.6,7.7,0.0,0.0,24.8,17.6,42.5
2023-04-03,14.2,10.2,12.2,7.3,0.0,0.0,38.3,28.0,58.7
2023-04-04,12.8,11.5,12.2,7.7,43.5,43.5,47.5,32.9,73.4
2023-04-05,11.0,8.1,9.4,3.2,0.0,0.0,41.8,35.0,68.0
2023-04-06,11.9,6.4,9.5,6.9,0.5,0.5,18.3,11.5,36.0
2023-04-07,13.1,5.9,9.8,5.4,0.0,0.0,28.8,19.0,47.5
2023-04-08,17.8,6.1,11.4,7.2,0.0,0.0,29.2,18.6,43.2
2023-04-09,14.1,9.8,11.9,7.6,0.0,0.0,31.9,25.3,52.2
2023-04-10,15.5,11.7,13.4,9.9,0.0,0.0,33.2,24.2,53.3
2023-04-11,19.5,7.7,14.7,10.2,0.0,0.0,35.9,22.9,56.5
2023-04-12,14.2,6.8,10.8,7.5,0.0,0.0,24.4,14.1,41.0
2023-04-13,15.2,10.1,12.6,8.6,0.0,0.0,28.6,22.5,46.8
2023-04-14,14.7,10.2,12.2,10.8,2.8,2.8,25.0,10.8,41.8
2023-04-15,18.8,9.1,13.1,10.7,7.7,7.7,31.2,14.9,49.0
2023-04-16,19.6,9.3,13.5,11.2,0.0,0.0,26.6,11.5,44.6
2023-04-17,15.4,10.1,13.0,9.4,0.0,0.0,33.2,22.4,54.7
2023-04-18,21.4,12.3,15.8,14.6,0.0,0.0,23.3,13.8,41.8
2023-04-19,16.5,9.6,12.6,11.2,0.1,0.1,23.6,12.8,42.1
2023-04-20,18.2,11.6,14.1,12.3,0.2,0.2,29.9,14.6,47.2
2023-04-21,17.9,12.4,14.8,9.0,0.0,0.0,28.1,22.1,46.4
2023-04-22,15.5,11.4,13.2,7.7,0.8,0.8,28.3,20.1,48.6
2023-04-23,13.8,9.3,11.8,8.5,4.0,4.0,19.6,13.5,31.7
2023-04-24,17.6,11.1,13.3,9.6,0.0,0.0,22.9,13.3,36.0
2023-04-25,15.9,9.9,13.0,10.6,0.0,0.0,21.6,10.3,36.7
2023-04-26,15.9,8.4,12.4,8.9,0.0,0.0,22.5,15.3,38.5
2023-04-27,15.7,11.1,13.2,9.7,0.0,0.0,32.2,24.7,52.6
2023-04-28,16.0,12.0,14.0,12.3,4.2,4.2,20.8,16.4,37.1
2023-04-29,19.8,12.4,15.3,10.8,0.1,0.1,42.3,24.8,69.8
2023-04-30,22.9,10.6,16.5,13.4,0.0,0.0,28.2,14.1,43.9
2023-05-01,17.0,11.1,14.6,12.0,0.0,0.0,23.8,17.7,41.8
2023-05-02,18.7,14.4,16.1,12.8,0.0,0.0,30.3,24.3,47.5
2023-05-03,17.5,14.2,15.4,13.1,3.7,3.7,31.6,24.1,51.5
2023-05-04,15.2,14.1,14.6,12.8,30.6,30.6,32.9,21.8,51.1
2023-05-05,16.9,14.6,15.5,13.2,0.3,0.3,28.9,22.8,45.7
2023-05-06,21.1,13.6,16.7,13.1,0.0,0.0,29.4,23.2,49.0
2023-05-07,22.6,11.1,16.1,13.6,0.2,0.2,28.2,16.5,46.4
2023-05-08,23.1,12.4,16.8,14.0,0.0,0.0,23.2,13.7,36.7
2023-05-09,23.0,11.9,17.2,15.9,0.0,0.0,23.0,10.4,38.2
2023-05-10,19.2,12.0,15.9,15.1,0.0,0.0,18.9,10.0,33.8
2023-05-11,20.3,12.6,16.0,15.0,0.0,0.0,19.9,10.7,36.7
2023-05-12,18.8,14.4,16.5,14.7,0.0,0.0,26.7,16.6,41.8
2023-05-13,19.2,14.8,16.8,15.7,0.2,0.2,22.2,14.5,40.0
2023-05-14,20.6,14.3,17.5,16.9,0.0,0.0,40.4,17.2,67.0
2023-05-15,22.5,16.5,20.2,19.2,0.0,0.0,32.6,21.9,50.8
2023-05-16,23.0,18.9,20.7,19.2,0.0,0.0,32.8,24.1,53.6
2023-05-17,21.4,16.9,19.2,17.9,0.0,0.0,31.2,23.7,51.5
2023-05-18,21.3,15.8,18.4,18.5,0.0,0.0,17.4,10.4,34.6
2023-05-19,21.5,14.4,18.1,18.3,0.0,0.0,23.4,13.9,41.0
2023-05-20,21.3,16.4,19.0,18.9,0.4,0.4,23.8,15.9,42.1
2023-05-21,22.7,18.0,20.1,16.9,0.0,0.0,25.1,16.7,41.0
2023-05-22,25.1,15.7,19.8,17.2,0.6,0.6,28.2,16.5,48.6
2023-05-23,27.2,14.1,20.8,18.0,0.0,0.0,36.0,18.2,55.4
2023-05-24,24.8,17.4,20.0,18.1,0.0,0.0,32.9,17.2,56.9
2023-05-25,19.6,16.2,17.9,16.6,0.7,0.7,27.9,19.1,45.0
2023-05-26,22.7,15.6,18.5,18.6,0.0,0.0,27.0,15.2,47.2
2023-05-27,22.9,18.1,20.0,20.8,0.1,0.1,21.4,14.2,38.5
2023-05-28,22.1,18.6,20.0,22.3,21.4,21.4,9.3,5.6,19.4
2023-05-29,23.1,18.1,20.0,21.1,1.3,1.3,20.2,12.0,37.1
2023-05-30,25.6,17.6,21.5,22.4,0.0,0.0,13.2,7.4,22.7
2023-05-31,22.0,14.9,19.3,20.4,0.0,0.0,19.4,10.7,35.3
2023-06-01,20.9,18.0,19.2,19.9,2.0,2.0,22.5,15.8,38.5
2023-06-02,29.0,16.9,22.1,22.5,0.0,0.0,20.9,11.0,37.8
2023-06-03,26.0,15.9,21.2,20.5,0.0,0.0,28.2,13.9,45.0
2023-06-04,25.5,18.3,21.9,21.0,0.0,0.0,30.9,17.2,50.4
2023-06-05,21.4,18.5,19.6,18.8,0.0,0.0,27.8,17.0,48.6
2023-06-06,23.5,17.8,20.9,21.4,0.0,0.0,25.6,17.0,45.0
2023-06-07,25.0,20.4,23.2,23.3,0.0,0.0,34.4,21.3,52.9
2023-06-08,31.2,22.3,25.0,25.9,0.0,0.0,23.7,11.0,38.2
2023-06-09,26.0,19.9,22.7,22.9,0.5,0.5,26.8,17.2,47.9
2023-06-10,23.9,19.0,21.2,21.8,0.7,0.7,23.8,14.5,42.1
2023-06-11,24.2,16.6,20.6,21.8,0.0,0.0,19.8,11.7,36.7
2023-06-12,24.4,18.5,21.2,22.2,3.6,3.6,24.4,11.3,41.8
2023-06-13,24.1,17.6,21.2,22.7,0.0,0.0,17.0,9.4,35.3
2023-06-14,24.9,18.6,21.3,22.5,0.0,0.0,23.9,12.5,42.8
2023-06-15,23.3,18.8,21.2,22.3,0.0,0.0,22.4,16.1,39.2
2023-06-16,24.8,20.2,22.2,23.0,0.0,0.0,23.8,19.6,43.2
2023-06-17,22.9,20.0,21.4,22.2,0.3,0.3,25.2,19.9,41.0
2023-06-18,24.0,19.5,21.7,23.5,0.0,0.0,20.0,12.7,37.1
2023-06-19,23.4,19.2,21.2,22.0,9.9,9.9,28.7,17.9,44.6
2023-06-20,30.5,20.8,24.0,24.9,2.3,2.3,26.3,18.0,41.4
2023-06-21,29.9,19.7,23.7,26.0,0.0,0.0,23.0,11.0,38.2
2023-06-22,31.2,19.8,25.1,26.9,0.0,0.0,21.7,10.4,39.6
2023-06-23,31.9,20.2,25.3,27.5,0.0,0.0,22.2,12.5,39.6
2023-06-24,26.5,21.7,23.9,25.7,0.0,0.0,25.1,19.1,45.4
2023-06-25,25.5,21.2,23.0,23.7,7.8,7.8,32.3,22.3,54.4
2023-06-26,27.3,22.0,24.0,25.9,4.7,4.7,20.5,13.5,37.1
2023-06-27,26.5,22.3,24.4,26.7,0.1,0.1,23.4,16.7,42.8
2023-06-28,27.8,22.6,25.1,28.4,7.2,7.2,26.1,13.5,47.5
2023-06-29,28.5,23.4,26.0,28.3,53.9,53.9,25.7,17.3,47.9
2023-06-30,28.6,20.6,24.3,27.3,0.0,0.0,18.4,11.1,37.4
2023-07-01,26.9,20.5,23.6,26.4,0.0,0.0,20.0,11.6,40.0
2023-07-02,26.8,22.2,24.2,27.0,0.3,0.3,19.4,14.8,36.4
2023-07-03,27.5,23.0,24.8,28.2,0.3,0.3,16.8,12.8,34.6
2023-07-04,30.5,23.0,25.7,28.6,60.9,60.9,31.4,19.7,53.6
2023-07-05,31.9,20.4,26.8,28.8,0.0,0.0,30.5,17.5,49.0
2023-07-06,28.8,24.9,26.9,28.3,0.0,0.0,33.1,23.7,55.4
2023-07-07,28.0,23.6,25.7,28.8,0.0,0.0,26.2,19.2,54.4
2023-07-08,28.2,23.8,25.9,30.3,13.2,13.2,19.6,13.4,39.6
2023-07-09,31.0,23.0,26.8,31.8,0.0,0.0,16.0,9.5,30.6
2023-07-10,29.2,23.8,26.7,31.3,0.2,0.2,19.1,11.0,38.5
2023-07-11,31.6,24.5,26.5,30.7,0.0,0.0,29.3,13.7,53.3
2023-07-12,28.1,24.1,25.8,30.3,12.3,12.3,19.6,13.3,37.8
2023-07-13,31.7,24.0,27.4,32.5,25.2,25.2,18.6,13.0,42.8
2023-07-14,30.8,25.5,28.0,33.2,0.5,0.5,26.6,12.8,43.9
2023-07-15,32.0,25.5,28.6,31.3,0.0,0.0,18.8,12.1,31.3
2023-07-16,27.9,22.5,25.4,27.5,0.0,0.0,15.6,8.7,28.4
2023-07-17,29.4,22.2,25.9,28.7,0.1,0.1,20.1,11.5,39.2
2023-07-18,29.9,21.5,25.6,29.2,0.0,0.0,14.0,7.8,29.9
2023-07-19,28.0,21.8,24.9,28.9,0.0,0.0,17.0,8.1,34.9
2023-07-20,27.5,21.5,25.2,28.6,0.0,0.0,18.9,12.9,36.0
2023-07-21,27.8,24.3,26.1,28.5,1.6,1.6,27.8,20.8,53.6
2023-07-22,28.5,24.4,25.8,29.9,39.8,39.8,27.2,15.7,46.8
2023-07-23,29.6,23.6,26.8,32.2,0.1,0.1,13.8,7.3,31.7
2023-07-24,28.6,24.3,26.4,31.9,1.5,1.5,14.1,8.4,30.2
2023-07-25,29.2,25.1,27.1,32.7,0.9,0.9,14.8,11.4,32.4
2023-07-26,27.6,24.7,26.0,30.3,7.1,7.1,20.5,14.4,38.2
2023-07-27,29.0,23.0,26.5,30.7,12.2,12.2,26.2,15.0,47.9
2023-07-28,28.6,26.0,27.1,30.4,5.2,5.2,25.8,21.0,47.5
2023-07-29,29.5,25.9,27.5,29.9,4.5,4.5,34.5,30.0,58.7
2023-07-30,29.2,27.0,27.8,29.6,1.0,1.0,39.0,35.3,69.8
2023-07-31,28.8,26.5,27.7,30.7,0.7,0.7,31.1,25.8,54.0
2023-08-01,29.1,25.9,27.3,31.8,0.2,0.2,18.8,15.9,35.6
2023-08-02,29.0,25.5,27.1,32.0,0.0,0.0,16.9,13.6,33.5
2023-08-03,29.0,25.9,27.4,32.1,0.0,0.0,20.6,16.5,39.2
2023-08-04,29.8,26.1,27.9,33.2,0.0,0.0,19.6,15.0,39.6
2023-08-05,30.6,26.2,28.3,34.2,0.0,0.0,21.3,12.1,42.1
2023-08-06,30.1,23.3,27.1,31.0,7.9,7.9,23.1,12.0,40.0
2023-08-07,31.1,21.2,25.7,27.4,0.0,0.0,20.5,14.2,40.0
2023-08-08,30.9,21.2,25.9,29.0,0.0,0.0,16.2,11.4,32.4
2023-08-09,32.8,22.8,27.4,30.7,0.0,0.0,18.6,13.2,34.9
2023-08-10,34.0,23.9,28.3,29.2,0.0,0.0,27.3,20.9,50.8
2023-08-11,32.0,23.7,27.4,30.0,0.0,0.0,24.3,14.4,43.2
2023-08-12,30.4,25.4,28.2,32.8,2.9,2.9,24.5,15.7,45.7
2023-08-13,29.0,24.4,26.7,30.1,1.3,1.3,19.8,13.3,38.2
2023-08-14,31.0,23.5,27.0,30.4,0.1,0.1,18.6,12.7,37.1
2023-08-15,30.7,23.6,27.1,31.5,0.5,0.5,20.6,8.7,41.4
2023-08-16,32.2,24.3,27.8,32.2,0.0,0.0,18.5,8.4,36.4
2023-08-17,32.0,24.8,27.8,32.4,0.2,0.2,16.6,7.6,36.4
2023-08-18,30.7,25.0,28.0,32.6,0.1,0.1,19.2,12.3,38.2
2023-08-19,30.6,26.0,28.2,33.1,0.0,0.0,17.6,11.4,36.4
2023-08-20,30.8,26.6,28.4,32.8,0.1,0.1,20.2,13.0,39.6
2023-08-21,28.8,24.0,26.2,30.7,30.2,30.2,18.4,11.7,32.4
2023-08-22,31.5,23.8,26.6,30.5,6.2,6.2,20.8,11.5,40.7
2023-08-23,30.6,22.0,25.5,28.4,0.0,0.0,18.8,11.4,34.2
2023-08-24,29.0,21.3,25.3,27.6,0.0,0.0,12.0,8.2,23.0
2023-08-25,30.8,21.6,25.7,28.4,0.0,0.0,16.8,11.3,33.5
2023-08-26,28.5,22.0,25.3,28.3,5.2,5.2,16.9,8.8,34.9
2023-08-27,23.1,20.5,21.7,23.0,41.8,41.8,18.9,15.8,34.2
2023-08-28,23.9,18.6,21.5,19.7,109.8,109.8,43.6,33.9,74.9
2023-08-29,27.9,20.9,24.0,24.2,0.0,0.0,27.4,20.4,51.5
2023-08-30,28.2,19.8,23.6,24.8,0.3,0.3,18.0,10.2,35.6
2023-08-31,27.5,19.7,24.2,26.4,0.0,0.0,16.6,9.4,31.3
2023-09-01,29.7,21.4,25.3,28.5,0.0,0.0,15.3,9.2,31.7
2023-09-02,27.7,21.7,24.4,27.3,0.0,0.0,15.3,7.2,29.2
2023-09-03,26.9,20.8,24.2,26.9,0.0,0.0,13.0,7.8,26.6
2023-09-04,28.5,21.0,24.4,27.3,0.0,0.0,13.3,6.7,25.9
2023-09-05,29.2,20.7,24.6,28.4,0.0,0.0,12.3,6.9,25.9
2023-09-06,31.1,21.0,25.2,28.3,0.0,0.0,16.4,10.0,32.4
2023-09-07,27.8,20.6,23.9,27.7,0.0,0.0,18.2,7.0,33.5
2023-09-08,27.1,22.2,24.7,28.3,0.0,0.0,14.8,8.9,30.6
2023-09-09,27.1,22.3,25.0,27.7,0.0,0.0,18.0,11.1,35.3
2023-09-10,27.2,22.0,24.7,27.3,1.6,1.6,15.0,9.4,31.3
2023-09-11,27.5,22.6,24.9,28.3,1.9,1.9,14.1,7.6,30.2
2023-09-12,25.1,21.6,23.1,26.6,12.5,12.5,13.6,6.3,26.3
2023-09-13,26.6,20.6,23.1,24.8,3.7,3.7,14.6,10.4,25.6
2023-09-14,27.7,17.1,22.4,22.9,0.0,0.0,14.7,10.2,25.9
2023-09-15,26.4,18.6,22.6,24.8,0.0,0.0,13.7,6.2,28.4
2023-09-16,26.4,18.9,23.1,25.5,0.0,0.0,13.5,7.2,26.6
2023-09-17,26.8,19.5,23.6,26.1,0.0,0.0,17.7,10.0,33.1
2023-09-18,28.3,23.0,25.6,29.0,0.0,0.0,18.8,12.9,37.4
2023-09-19,27.2,22.4,24.6,28.3,47.5,47.5,18.2,12.6,33.5
2023-09-20,26.5,19.4,22.4,20.7,14.4,14.4,34.4,26.9,62.3
2023-09-21,25.4,18.5,21.4,20.4,0.0,0.0,19.7,12.6,36.4
2023-09-22,26.4,17.0,21.4,22.6,0.0,0.0,10.0,6.5,18.7
2023-09-23,23.9,19.0,21.5,22.5,0.0,0.0,16.3,9.9,34.2
2023-09-24,23.4,19.1,21.2,22.8,4.5,4.5,18.7,8.3,32.4
2023-09-25,24.4,18.5,20.7,21.1,6.3,6.3,20.9,17.0,39.6
2023-09-26,25.3,19.2,21.8,22.4,0.0,0.0,16.2,13.6,31.0
2023-09-27,25.0,17.7,21.6,23.2,0.0,0.0,13.5,7.3,22.7
2023-09-28,26.5,18.2,22.0,22.5,0.0,0.0,16.6,11.9,32.8
2023-09-29,24.1,19.6,21.9,22.2,0.2,0.2,19.4,8.5,32.4
2023-09-30,25.9,17.2,20.5,19.9,0.0,0.0,27.0,15.4,48.6
2023-10-01,24.4,13.9,19.5,18.7,0.0,0.0,11.5,9.4,24.5
2023-10-02,24.2,15.0,20.2,19.9,0.0,0.0,11.3,7.0,21.6
2023-10-03,22.5,18.8,20.6,21.5,0.0,0.0,15.4,6.4,31.3
2023-10-04,26.0,15.9,20.6,20.1,0.0,0.0,23.4,14.1,41.8
2023-10-05,21.3,14.7,17.8,14.9,0.0,0.0,21.0,14.1,37.1
2023-10-06,20.5,15.1,17.8,16.1,0.0,0.0,15.9,8.6,26.6
2023-10-07,22.2,12.4,17.7,16.8,0.0,0.0,11.3,7.2,24.5
2023-10-08,22.5,14.4,19.4,19.4,0.0,0.0,11.2,6.3,22.0
2023-10-09,24.0,15.8,19.3,17.5,0.0,0.0,22.4,16.3,41.0
2023-10-10,22.8,13.7,18.1,16.6,0.0,0.0,18.3,13.3,34.2
2023-10-11,23.1,13.4,18.2,17.3,0.0,0.0,14.2,9.0,27.7
2023-10-12,22.9,13.7,18.6,18.3,0.0,0.0,10.5,5.4,20.2
2023-10-13,22.7,15.6,19.0,18.7,0.1,0.1,20.9,7.8,39.2
2023-10-14,22.4,13.8,17.6,15.7,0.0,0.0,23.7,13.6,44.3
2023-10-15,23.5,12.5,17.7,16.6,0.0,0.0,15.0,7.4,25.9
2023-10-16,21.4,13.0,16.6,14.0,0.0,0.0,16.1,10.4,27.7
2023-10-17,22.4,12.4,18.7,18.2,0.0,0.0,20.2,11.5,37.1
2023-10-18,22.5,18.7,21.2,21.2,0.2,0.2,26.6,18.1,49.3
2023-10-19,23.2,16.6,19.2,17.3,0.4,0.4,26.6,15.4,48.2
2023-10-20,17.1,12.2,14.7,10.2,0.0,0.0,27.1,19.6,47.5
2023-10-21,20.1,9.6,14.9,11.9,0.0,0.0,14.8,10.6,27.4
2023-10-22,21.0,12.6,17.3,15.0,0.0,0.0,22.8,12.1,41.8
2023-10-23,20.7,12.1,17.6,15.3,0.0,0.0,19.5,13.0,37.8
2023-10-24,22.5,15.1,19.4,18.6,0.0,0.0,20.2,13.7,36.7
2023-10-25,23.5,15.9,20.1,20.9,0.0,0.0,16.6,9.1,31.7
2023-10-26,24.9,13.5,18.9,16.7,0.0,0.0,20.4,15.3,37.4
2023-10-27,20.5,9.9,15.5,13.4,0.0,0.0,15.1,10.2,29.2
2023-10-28,22.2,13.6,18.2,17.7,0.0,0.0,16.2,7.6,31.3
2023-10-29,21.9,13.4,18.7,17.8,0.0,0.0,20.3,13.2,39.2
2023-10-30,21.6,17.2,19.8,19.7,0.0,0.0,21.3,15.9,40.7
2023-10-31,22.5,19.1,21.0,20.2,0.0,0.0,25.7,21.8,47.5
2023-11-01,24.6,19.0,21.8,21.5,0.0,0.0,22.7,15.8,36.7
2023-11-02,22.8,19.5,21.3,20.2,0.0,0.0,26.0,21.0,47.9
2023-11-03,21.4,15.0,18.8,17.2,0.2,0.2,22.4,12.8,41.4
2023-11-04,19.9,13.2,16.6,15.4,0.0,0.0,16.9,9.4,29.5
2023-11-05,21.0,14.9,18.2,17.0,22.6,22.6,43.5,20.8,73.4
2023-11-06,14.3,7.7,10.6,3.3,0.0,0.0,42.4,34.1,78.8
2023-11-07,14.1,5.8,10.0,6.3,0.0,0.0,18.9,10.9,33.1
2023-11-08,19.1,14.4,17.4,14.6,0.0,0.0,27.0,20.7,49.7
2023-11-09,17.5,7.2,12.8,9.2,0.0,0.0,39.6,21.5,71.3
2023-11-10,9.8,4.4,6.9,1.7,0.0,0.0,22.1,18.3,41.4
2023-11-11,6.8,3.2,5.1,0.5,0.6,0.6,21.0,15.9,37.8
2023-11-12,8.2,2.6,4.6,-1.6,0.6,0.5,34.9,25.0,65.9
2023-11-13,8.4,1.4,4.6,0.2,0.0,0.0,17.1,12.5,33.8
2023-11-14,9.4,1.4,5.2,1.9,0.0,0.0,8.6,5.5,17.6
2023-11-15,11.9,2.2,8.1,5.2,0.0,0.0,10.9,6.9,21.6
2023-11-16,11.4,6.5,8.9,3.7,0.0,0.0,37.2,21.7,67.7
2023-11-17,7.9,4.8,6.4,-0.8,0.0,0.0,39.5,29.8,71.6
2023-11-18,11.1,2.5,7.4,2.5,0.0,0.0,24.9,15.1,44.6
2023-11-19,15.4,5.2,10.4,6.8,0.0,0.0,19.0,12.0,34.2
2023-11-20,14.9,3.2,10.4,7.2,0.0,0.0,21.1,13.3,36.7
2023-11-21,16.1,13.5,14.7,12.2,0.0,0.0,21.3,19.6,40.7
2023-11-22,17.3,9.3,14.3,12.6,0.3,0.3,21.3,13.9,38.2
2023-11-23,9.8,2.5,6.2,-0.3,0.0,0.0,43.9,28.7,80.3
2023-11-24,4.1,0.5,2.3,-2.7,0.0,0.0,26.9,14.5,50.4
2023-11-25,10.9,-0.4,5.4,0.7,0.0,0.0,21.6,15.4,37.8
2023-11-26,11.1,8.3,9.4,7.2,3.3,3.3,18.7,9.5,32.8
2023-11-27,11.4,5.4,7.9,4.3,0.0,0.0,21.5,14.1,36.4
2023-11-28,7.1,0.8,4.3,-0.2,0.0,0.0,23.5,12.5,45.0
2023-11-29,6.3,-0.2,3.7,-2.2,0.1,0.1,32.7,21.6,59.8
2023-11-30,3.2,-1.5,0.5,-5.8,0.0,0.0,29.9,21.0,54.7
2023-12-01,4.7,-1.3,1.2,-4.2,0.0,0.0,22.0,14.9,42.8
2023-12-02,9.4,-1.3,3.7,-0.5,0.0,0.0,13.6,9.1,24.8
2023-12-03,8.6,-1.3,4.3,0.7,0.0,0.0,11.9,8.8,23.0
2023-12-04,11.2,5.3,8.5,4.7,0.0,0.0,23.1,14.8,42.8
2023-12-05,12.3,1.5,8.1,5.4,0.0,0.0,13.6,8.8,25.9
2023-12-06,10.3,3.6,7.4,2.3,0.0,0.0,36.2,18.9,64.4
2023-12-07,13.3,2.8,10.0,5.7,0.0,0.0,26.7,19.4,48.6
2023-12-08,17.0,9.7,12.9,10.1,0.0,0.0,19.5,13.6,34.2
2023-12-09,14.8,6.4,10.1,7.2,0.0,0.0,17.1,10.5,28.1
2023-12-10,7.8,2.8,5.2,-0.7,0.0,0.0,27.3,21.5,50.4
2023-12-11,3.3,0.6,1.8,-5.4,7.2,5.9,39.4,31.7,66.6
2023-12-12,4.2,-0.6,1.4,-4.5,0.0,0.0,34.5,22.3,59.0
2023-12-13,7.5,-0.2,3.8,-0.4,2.7,2.7,18.9,14.9,33.5
2023-12-14,7.8,3.0,6.3,2.6,9.0,9.0,30.7,16.7,53.3
2023-12-15,2.6,-3.1,0.1,-8.1,1.0,0.5,43.2,37.8,76.7
2023-12-16,-2.8,-7.9,-5.6,-14.3,0.0,0.0,42.1,35.6,73.8
2023-12-17,-2.4,-7.6,-5.4,-12.2,0.0,0.0,31.5,21.7,55.4
2023-12-18,-0.1,-5.8,-3.0,-7.4,0.0,0.0,12.6,6.6,22.3
2023-12-19,1.2,-4.3,-1.5,-7.6,0.0,0.0,28.8,19.5,51.8
2023-12-20,-3.8,-8.2,-5.7,-13.0,0.8,0.0,32.3,26.0,58.0
2023-12-21,-6.4,-9.9,-8.1,-16.5,0.0,0.0,35.1,31.9,64.1
2023-12-22,-2.4,-8.0,-5.6,-12.0,0.0,0.0,26.5,19.2,48.6
2023-12-23,1.5,-6.4,-2.9,-7.5,0.0,0.0,14.5,7.6,24.8
2023-12-24,1.2,-5.3,-2.9,-8.3,0.0,0.0,17.6,13.6,35.6
2023-12-25,2.4,-4.3,-0.9,-5.2,0.0,0.0,11.4,8.3,23.4
2023-12-26,6.3,-1.1,2.4,-1.3,0.0,0.0,11.6,7.8,21.2
2023-12-27,6.8,-1.2,2.0,-1.4,0.0,0.0,9.2,7.2,20.2
2023-12-28,6.4,-1.5,1.2,-2.5,0.0,0.0,14.0,9.7,29.5
2023-12-29,5.7,-2.3,2.0,-1.0,0.4,0.4,9.7,6.3,19.1
2023-12-30,8.4,2.2,5.6,1.9,0.3,0.3,30.4,14.8,52.2
2023-12-31,3.4,-1.8,1.1,-5.5,0.0,0.0,33.7,27.4,59.0
2024-01-01,1.9,-3.6,-0.7,-4.8,0.0,0.0,22.0,9.8,40.3
2024-01-02,5.4,-2.2,1.0,-2.5,0.0,0.0,9.9,7.1,20.2
2024-01-03,5.1,-2.8,0.8,-4.1,0.0,0.0,24.0,13.6,46.1
2024-01-04,5.9,0.5,3.9,-0.7,0.0,0.0,27.9,17.9,51.1
2024-01-05,8.6,-0.6,2.7,-1.2,0.0,0.0,15.5,10.1,28.1
2024-01-06,5.8,-2.7,0.3,-4.8,0.0,0.0,26.1,15.3,47.5
2024-01-07,2.2,-4.2,-1.8,-6.8,0.0,0.0,20.5,13.4,40.3
2024-01-08,5.1,-5.4,1.1,-3.0,0.0,0.0,21.4,9.9,40.7
2024-01-09,5.7,-1.5,3.7,-0.5,0.2,0.2,24.5,13.2,43.2
2024-01-10,3.6,-3.5,0.1,-5.1,0.0,0.0,23.1,15.7,40.0
2024-01-11,7.5,-0.8,2.4,-1.6,0.0,0.0,15.5,10.5,28.8
2024-01-12,7.6,-2.1,2.2,-1.0,0.0,0.0,12.5,6.7,26.3
2024-01-13,7.5,0.6,4.7,1.4,0.0,0.0,20.8,11.9,38.5
2024-01-14,5.9,-3.3,2.3,-3.7,0.5,0.5,33.2,23.8,60.1
2024-01-15,3.2,-4.3,-1.2,-6.0,0.0,0.0,20.5,11.0,37.1
2024-01-16,4.8,-2.5,2.1,-1.6,0.2,0.0,14.3,6.8,24.1
2024-01-17,7.3,3.7,5.4,1.9,8.0,7.7,20.0,14.6,34.6
2024-01-18,5.3,-0.1,3.2,-1.8,0.0,0.0,22.1,19.7,40.3
2024-01-19,3.8,-2.4,0.9,-4.6,0.4,0.4,22.7,19.7,41.4
2024-01-20,3.0,-1.1,1.3,-4.8,2.2,0.3,30.9,25.2,56.5
2024-01-21,-0.8,-6.1,-3.0,-10.8,0.0,0.0,34.1,31.4,60.1
2024-01-22,-4.9,-7.2,-6.0,-14.2,0.0,0.0,36.1,31.2,65.2
2024-01-23,-2.8,-7.1,-4.9,-12.2,0.0,0.0,30.3,25.0,56.2
2024-01-24,2.7,-4.2,-2.0,-8.0,0.0,0.0,22.6,17.7,39.2
2024-01-25,3.8,-4.8,-1.1,-5.2,0.0,0.0,11.6,7.3,20.2
2024-01-26,5.3,-3.5,0.8,-3.6,0.0,0.0,15.6,8.8,31.0
2024-01-27,4.6,-3.9,-0.7,-5.2,0.0,0.0,12.2,10.1,24.5
2024-01-28,4.1,-4.4,-0.7,-4.7,0.0,0.0,12.2,7.5,23.0
2024-01-29,6.2,-1.5,2.5,-1.5,0.0,0.0,16.6,12.4,33.8
2024-01-30,8.4,3.5,5.7,1.7,0.0,0.0,20.9,15.9,39.2
2024-01-31,6.8,-1.5,4.0,0.2,1.9,1.3,26.6,14.1,47.2
2024-02-01,-0.6,-5.7,-3.4,-10.5,1.7,0.0,29.5,26.0,52.9
2024-02-02,1.6,-5.6,-2.5,-8.8,0.0,0.0,24.2,19.8,45.0
2024-02-03,3.1,-3.5,-0.8,-6.3,0.0,0.0,20.0,16.8,37.1
2024-02-04,2.3,-3.9,-1.1,-6.8,4.1,0.0,24.9,18.0,43.2
2024-02-05,0.6,-3.7,-1.8,-8.6,2.5,0.1,34.5,27.6,63.0
2024-02-06,3.8,-4.2,-1.3,-7.0,0.0,0.0,22.5,17.8,42.1
2024-02-07,4.1,-4.9,-1.2,-6.2,0.0,0.0,20.4,13.8,37.8
2024-02-08,3.8,-4.3,-1.2,-5.4,0.0,0.0,12.1,9.6,26.3
2024-02-09,5.8,-3.5,1.5,-2.4,0.0,0.0,19.8,9.6,36.0
2024-02-10,8.7,-1.7,2.4,-1.7,0.0,0.0,14.1,9.4,26.3
2024-02-11,10.2,-3.5,2.8,-0.6,0.0,0.0,11.4,7.4,19.8
2024-02-12,8.4,2.8,5.6,1.4,0.0,0.0,24.5,17.2,46.1
2024-02-13,9.1,4.4,6.8,3.0,0.0,0.0,20.2,15.7,39.2
2024-02-14,13.1,5.2,8.5,5.5,0.5,0.5,28.8,12.6,51.5
2024-02-15,6.5,-1.2,2.5,-3.9,3.6,1.1,32.6,23.7,59.4
2024-02-16,5.8,-3.3,2.5,-2.6,0.0,0.0,27.7,17.7,51.8
2024-02-17,7.8,3.5,5.7,0.7,0.0,0.0,26.7,23.3,49.0
2024-02-18,10.9,6.2,8.2,4.9,0.5,0.5,25.0,18.4,44.3
2024-02-19,8.1,-1.4,3.7,-3.1,0.8,0.1,41.3,30.2,73.8
2024-02-20,-0.1,-3.2,-1.8,-8.9,4.5,3.1,32.8,26.0,56.2
2024-02-21,-2.1,-3.8,-3.2,-11.0,8.6,0.3,39.4,32.9,70.6
2024-02-22,0.4,-4.3,-2.6,-9.8,0.0,0.0,33.5,27.1,67.7
2024-02-23,2.8,-4.4,-1.5,-7.5,0.0,0.0,27.7,19.7,47.9
2024-02-24,0.0,-3.0,-1.6,-6.7,1.6,0.0,21.0,15.4,38.9
2024-02-25,6.2,-3.5,0.3,-5.2,0.0,0.0,23.0,18.2,44.6
2024-02-26,6.1,-2.3,1.0,-5.0,0.0,0.0,24.6,19.1,46.4
2024-02-27,3.6,-3.8,0.1,-4.1,0.0,0.0,15.0,9.7,32.8
2024-02-28,8.4,-1.6,3.4,-0.4,0.0,0.0,16.6,7.1,27.4
2024-02-29,4.7,-2.8,1.9,-4.1,2.7,0.1,24.5,20.8,45.0
2024-03-01,2.0,-4.6,-1.8,-7.3,0.0,0.0,28.2,15.2,52.9
2024-03-02,7.8,-0.6,3.6,-1.4,0.0,0.0,27.6,17.7,51.5
2024-03-03,9.1,-0.3,5.1,1.7,0.0,0.0,17.7,10.5,35.6
2024-03-04,8.7,4.3,6.2,2.2,1.8,1.8,24.3,17.5,46.4
2024-03-05,7.5,2.4,6.0,1.6,3.5,3.5,23.7,17.0,39.6
2024-03-06,9.9,0.6,4.0,-1.5,0.0,0.0,23.6,16.2,42.1
2024-03-07,6.3,-2.8,1.9,-1.8,0.4,0.4,18.8,8.2,38.5
2024-03-08,9.2,-0.8,3.4,-1.1,0.0,0.0,21.9,13.7,43.2
2024-03-09,6.2,-3.7,2.2,-2.0,0.0,0.0,19.8,11.2,40.0
2024-03-10,7.3,2.6,5.0,0.6,0.0,0.0,25.0,18.2,46.4
2024-03-11,9.1,5.0,6.9,3.5,3.3,3.3,19.5,14.6,39.6
2024-03-12,12.4,2.2,7.1,1.9,0.0,0.0,25.9,19.3,49.7
2024-03-13,10.6,1.2,6.5,2.1,0.0,0.0,26.9,15.7,50.4
2024-03-14,12.1,3.5,7.2,4.0,0.0,0.0,18.8,11.1,36.0
2024-03-15,10.9,2.5,6.2,3.2,0.0,0.0,18.0,11.9,36.7
2024-03-16,10.9,5.1,7.7,4.8,0.3,0.3,18.2,13.9,36.7
2024-03-17,12.1,3.2,8.1,2.8,0.1,0.1,34.6,19.3,59.0
2024-03-18,9.0,1.1,6.2,1.8,0.0,0.0,28.4,15.9,48.2
2024-03-19,12.6,6.2,9.0,2.9,3.9,3.5,31.9,22.8,58.0
2024-03-20,10.9,1.7,6.0,1.2,0.0,0.0,26.1,14.1,44.3
2024-03-21,9.4,3.7,6.9,2.2,0.0,0.0,34.3,22.1,56.9
2024-03-22,17.5,8.5,12.3,8.4,0.0,0.0,27.4,18.1,44.3
2024-03-23,15.3,5.0,10.2,6.8,0.0,0.0,24.3,13.0,45.4
2024-03-24,17.6,8.9,12.8,9.7,0.0,0.0,17.3,10.2,34.9
2024-03-25,10.8,4.1,8.2,4.3,10.0,10.0,25.8,19.1,45.0
2024-03-26,14.1,2.9,7.4,3.2,0.2,0.2,24.3,16.8,42.1
2024-03-27,9.6,6.8,8.1,3.9,0.9,0.9,25.9,20.4,43.6
2024-03-28,16.4,7.1,10.5,8.3,0.0,0.0,24.5,12.3,39.2
2024-03-29,18.4,9.1,13.7,9.3,3.6,3.6,29.7,20.3,53.3
2024-03-30,20.9,8.3,13.0,8.4,0.0,0.0,32.0,19.0,59.8
2024-03-31,12.1,6.7,8.9,5.0,0.0,0.0,22.5,16.7,43.9
2024-04-01,12.8,6.8,9.5,6.0,0.0,0.0,26.1,18.2,47.5
2024-04-02,13.9,8.0,11.1,8.6,1.1,1.1,20.6,16.9,35.3
2024-04-03,18.5,9.8,13.2,8.4,9.1,9.1,32.6,23.3,55.1
2024-04-04,19.6,8.0,12.5,8.0,0.0,0.0,25.6,16.2,47.2
2024-04-05,14.3,5.2,9.5,5.8,0.0,0.0,18.7,12.2,36.7
2024-04-06,14.3,8.2,10.9,7.9,0.0,0.0,21.9,12.8,41.4
2024-04-07,16.0,7.8,10.9,8.8,0.0,0.0,18.6,12.1,37.1
2024-04-08,17.0,7.8,11.9,10.1,0.0,0.0,17.2,8.9,37.1
2024-04-09,15.1,6.8,10.9,7.5,0.0,0.0,19.6,12.1,37.4
2024-04-10,14.2,8.4,11.2,7.8,0.0,0.0,23.4,17.7,41.4
2024-04-11,14.8,10.0,12.0,9.2,0.0,0.0,23.4,18.8,41.4
2024-04-12,13.1,9.4,11.3,8.9,0.0,0.0,20.1,16.4,39.6
2024-04-13,14.9,10.3,11.8,9.6,0.0,0.0,19.9,17.0,37.4
2024-04-14,14.9,9.6,12.3,9.8,23.3,23.3,27.9,19.9,51.1
2024-04-15,22.1,13.1,15.4,14.3,0.5,0.5,20.2,14.2,38.5
2024-04-16,22.9,9.8,14.8,13.3,0.0,0.0,17.3,9.5,32.4
2024-04-17,16.2,8.9,12.2,10.0,0.0,0.0,15.6,9.8,32.4
2024-04-18,19.2,8.6,13.3,12.0,0.0,0.0,16.2,9.6,32.8
2024-04-19,17.5,11.6,14.0,11.6,0.2,0.2,20.5,14.3,37.1
2024-04-20,18.9,10.7,14.6,12.7,0.2,0.2,22.0,12.2,36.7
2024-04-21,19.1,9.4,13.6,12.3,0.0,0.0,18.1,10.0,35.6
2024-04-22,16.8,10.4,13.2,11.8,0.0,0.0,18.5,12.3,38.2
2024-04-23,15.1,11.2,12.9,11.3,4.7,4.7,22.0,14.2,42.5
2024-04-24,24.0,10.7,14.7,11.9,0.0,0.0,26.0,18.4,45.4
2024-04-25,18.0,12.1,14.9,12.5,0.0,0.0,22.7,17.9,41.4
2024-04-26,17.5,12.2,14.4,12.3,0.0,0.0,23.0,17.3,44.6
2024-04-27,16.5,11.6,13.6,12.1,0.0,0.0,18.8,15.3,36.0
2024-04-28,18.2,11.4,14.6,13.6,0.0,0.0,17.7,11.0,33.8
2024-04-29,24.3,11.4,16.5,14.0,0.0,0.0,31.5,17.1,53.6
2024-04-30,19.5,10.2,14.3,9.7,0.0,0.0,30.2,19.8,53.3
2024-05-01,24.2,10.2,16.5,13.6,0.0,0.0,24.8,12.7,43.2
2024-05-02,25.0,10.4,15.7,13.9,0.0,0.0,20.5,9.7,38.5
2024-05-03,18.4,11.2,14.1,13.1,0.0,0.0,14.7,10.7,31.7
2024-05-04,18.5,11.8,14.9,13.3,3.7,3.7,19.0,12.1,37.4
2024-05-05,16.0,13.4,14.6,13.1,15.8,15.8,18.7,13.4,36.7
2024-05-06,19.9,13.4,16.2,14.4,0.1,0.1,25.8,15.0,49.7
2024-05-07,24.3,12.7,17.8,15.4,0.0,0.0,31.2,16.4,57.2
2024-05-08,22.9,11.1,16.2,14.1,0.0,0.0,23.7,12.8,43.2
2024-05-09,21.6,13.1,17.0,14.7,0.0,0.0,26.5,17.1,47.5
2024-05-10,18.5,14.4,16.6,14.0,0.0,0.0,31.4,24.0,53.6
2024-05-11,22.1,12.1,17.3,16.2,10.4,10.4,32.0,13.1,53.6
2024-05-12,22.5,10.8,16.0,14.6,0.0,0.0,22.5,9.8,41.4
2024-05-13,21.5,13.6,17.1,15.9,0.0,0.0,21.2,11.4,36.4
2024-05-14,21.4,14.7,18.1,16.3,0.0,0.0,25.3,19.4,46.8
2024-05-15,21.8,14.3,18.2,13.5,5.5,5.5,39.2,23.9,70.6
2024-05-16,25.0,13.1,19.4,16.7,0.0,0.0,32.6,17.3,52.2
2024-05-17,24.3,16.5,18.9,17.2,0.0,0.0,28.7,21.1,53.6
2024-05-18,20.5,16.7,18.3,17.1,0.1,0.1,24.0,21.0,46.4
2024-05-19,20.5,16.0,18.0,17.0,0.0,0.0,26.0,21.0,50.4
2024-05-20,20.5,15.2,17.6,17.9,0.2,0.2,23.2,11.9,45.0
2024-05-21,20.1,15.2,17.4,17.4,0.1,0.1,20.1,14.3,39.6
2024-05-22,19.9,16.2,17.6,17.3,0.0,0.0,21.7,16.3,43.6
2024-05-23,21.0,16.0,18.2,18.2,0.0,0.0,20.0,15.4,40.0
2024-05-24,19.4,15.3,17.3,17.5,0.0,0.0,21.8,13.6,42.8
2024-05-25,19.2,15.9,17.0,16.1,0.5,0.5,26.4,18.9,48.6
2024-05-26,26.1,15.2,19.5,19.1,11.3,11.3,27.4,15.4,50.0
2024-05-27,26.1,12.9,18.3,17.7,0.0,0.0,20.2,9.9,39.2
2024-05-28,25.8,12.4,19.3,18.4,0.0,0.0,21.6,11.5,40.7
2024-05-29,22.4,15.1,19.1,18.3,0.0,0.0,23.2,15.8,43.9
2024-05-30,20.6,17.5,18.9,18.5,0.5,0.5,21.9,18.0,39.2
2024-05-31,28.8,17.1,21.3,20.4,0.0,0.0,30.7,17.3,56.5
2024-06-01,25.0,15.7,20.5,18.5,0.0,0.0,29.4,14.3,52.2
2024-06-02,26.0,17.8,22.1,21.4,0.0,0.0,21.3,11.3,38.9
2024-06-03,28.5,16.5,22.0,20.8,0.0,0.0,25.2,14.8,48.2
2024-06-04,23.0,14.9,19.7,19.1,0.0,0.0,17.7,11.6,36.7
2024-06-05,21.8,17.4,19.2,19.4,0.0,0.0,19.6,15.4,38.2
2024-06-06,22.3,17.6,19.6,19.9,0.0,0.0,20.5,16.1,41.8
2024-06-07,22.2,17.1,19.4,19.4,0.6,0.6,20.6,17.1,41.0
2024-06-08,26.2,18.5,22.1,23.2,0.0,0.0,23.0,13.7,42.1
2024-06-09,27.9,19.6,23.6,24.6,0.0,0.0,20.9,14.0,40.7
2024-06-10,29.3,21.4,25.3,26.9,0.0,0.0,19.8,11.6,36.7
2024-06-11,27.0,20.4,23.7,24.2,0.0,0.0,28.5,19.0,53.6
2024-06-12,25.0,20.1,22.1,23.2,0.0,0.0,23.9,20.0,47.9
2024-06-13,24.3,19.9,21.9,22.8,0.0,0.0,25.3,20.6,49.3
2024-06-14,23.2,20.8,21.5,22.5,8.4,8.4,28.2,19.4,56.5
2024-06-15,27.1,20.1,22.7,25.4,3.3,3.3,20.0,10.2,39.2
2024-06-16,27.9,19.5,21.9,24.3,0.0,0.0,19.1,10.0,39.2
2024-06-17,26.0,18.5,22.5,24.4,0.0,0.0,19.6,12.9,38.9
2024-06-18,28.0,19.2,23.6,24.2,0.0,0.0,20.9,14.7,40.7
2024-06-19,24.9,20.2,22.6,23.2,0.1,0.1,26.6,18.7,49.0
2024-06-20,27.6,21.4,23.9,26.3,0.6,0.6,17.3,12.4,34.6
2024-06-21,25.3,21.8,23.3,26.2,4.6,4.6,18.1,13.3,34.2
2024-06-22,32.0,22.3,25.6,28.3,15.6,15.6,23.2,13.4,41.0
2024-06-23,28.6,23.4,25.9,29.4,1.3,1.3,17.3,9.4,36.4
2024-06-24,29.5,20.4,24.1,24.5,0.0,0.0,20.1,14.1,40.7
2024-06-25,26.5,18.8,23.0,24.4,0.0,0.0,22.3,12.9,43.6
2024-06-26,26.2,18.4,22.7,24.5,0.0,0.0,21.0,13.6,41.8
2024-06-27,26.8,19.4,23.1,24.8,0.0,0.0,21.0,12.5,42.1
2024-06-28,25.9,19.0,22.9,25.1,0.0,0.0,22.2,14.7,45.0
2024-06-29,27.5,22.0,24.0,26.8,7.9,7.9,21.2,15.0,41.0
2024-06-30,28.1,21.9,24.4,27.4,0.3,0.3,19.1,11.4,39.6
2024-07-01,27.1,22.1,24.4,27.6,0.0,0.0,20.0,13.7,38.9
2024-07-02,25.5,21.3,23.4,23.9,65.9,65.9,40.6,27.2,73.8
2024-07-03,26.5,20.8,23.8,26.3,0.0,0.0,20.1,12.7,39.6
2024-07-04,26.7,22.6,24.2,26.9,18.2,18.2,38.0,15.9,65.5
2024-07-05,26.5,20.1,24.0,27.1,2.7,2.7,32.4,15.3,51.8
2024-07-06,29.7,24.2,26.4,29.2,24.7,24.7,36.7,19.2,60.5
2024-07-07,25.9,22.8,24.4,28.6,31.9,31.9,18.0,10.3,32.0
2024-07-08,28.8,22.8,25.1,29.7,47.1,47.1,11.0,6.0,23.0
2024-07-09,25.5,22.9,24.1,28.1,60.4,60.4,23.6,9.3,42.1
2024-07-10,29.8,21.1,25.1,26.7,0.0,0.0,19.6,14.0,37.1
2024-07-11,28.0,19.8,23.5,25.7,0.0,0.0,15.5,8.1,30.6
2024-07-12,26.1,20.5,23.8,27.4,0.0,0.0,15.6,10.5,32.0
2024-07-13,26.4,22.4,24.3,27.2,0.0,0.0,19.3,13.3,38.2
2024-07-14,27.5,22.3,25.2,29.4,0.9,0.9,12.9,7.9,26.3
2024-07-15,27.2,22.4,24.9,29.3,0.9,0.9,17.1,9.7,34.6
2024-07-16,26.1,23.2,24.6,27.9,16.4,16.4,27.9,17.4,50.4
2024-07-17,26.4,24.2,25.2,29.0,16.5,16.5,26.1,16.6,46.4
2024-07-18,31.5,24.0,26.9,31.2,0.7,0.7,22.7,16.3,40.0
2024-07-19,28.2,24.9,26.3,30.3,0.6,0.6,23.7,16.5,50.4
2024-07-20,29.0,23.6,25.8,29.5,41.6,41.6,28.4,16.9,63.7
2024-07-21,28.2,24.9,26.5,30.5,4.0,4.0,23.1,18.0,40.3
2024-07-22,29.5,24.8,26.6,30.8,52.6,52.6,30.2,17.2,51.1
2024-07-23,28.1,24.5,26.1,30.7,61.7,61.7,27.6,14.0,56.2
2024-07-24,29.0,25.4,26.8,31.7,0.0,0.0,22.1,16.6,38.5
2024-07-25,28.5,25.6,26.9,30.5,0.0,0.0,25.3,22.2,47.2
2024-07-26,28.9,25.8,27.1,31.2,5.2,5.2,24.8,21.1,45.4
2024-07-27,29.0,25.7,27.3,29.9,31.0,31.0,38.3,30.0,69.8
2024-07-28,29.8,27.2,28.1,31.8,0.5,0.5,32.4,23.7,53.6
2024-07-29,29.8,26.6,28.0,33.1,0.0,0.0,23.1,15.8,37.8
2024-07-30,30.9,26.7,28.4,33.9,0.0,0.0,22.2,15.4,36.7
2024-07-31,30.5,27.3,28.9,34.0,0.1,0.1,22.7,19.7,40.3
2024-08-01,30.9,27.0,29.2,34.4,13.3,13.3,20.4,16.0,36.4
2024-08-02,30.8,27.1,28.9,35.0,1.5,1.5,20.4,13.0,39.6
2024-08-03,30.1,26.9,28.4,34.2,1.0,1.0,19.4,14.0,36.7
2024-08-04,31.8,26.6,29.2,35.1,1.2,1.2,24.3,16.4,47.9
2024-08-05,31.6,26.6,28.7,34.6,2.0,2.0,21.7,12.4,37.4
2024-08-06,29.9,25.2,27.5,33.2,16.9,16.9,15.3,8.4,29.9
2024-08-07,30.0,25.0,27.7,33.9,2.2,2.2,14.2,7.4,29.2
2024-08-08,29.2,24.9,27.1,32.9,14.0,14.0,11.2,7.1,24.8
2024-08-09,29.8,24.5,27.8,33.5,0.0,0.0,17.4,10.4,31.7
2024-08-10,30.6,27.9,29.3,34.3,0.0,0.0,23.4,19.5,41.0
2024-08-11,31.3,28.0,29.6,34.9,0.0,0.0,27.0,19.2,50.0
2024-08-12,32.0,25.8,28.9,35.1,0.0,0.0,16.3,8.2,31.7
2024-08-13,31.4,25.6,28.6,35.5,1.9,1.9,13.5,6.5,29.2
2024-08-14,29.2,25.8,27.3,33.4,2.3,2.3,13.8,7.1,26.3
2024-08-15,30.8,24.8,27.6,33.4,0.1,0.1,12.4,7.3,25.6
2024-08-16,30.0,24.5,27.4,33.7,0.5,0.5,12.0,5.4,28.4
2024-08-17,30.5,25.2,28.2,34.0,0.0,0.0,15.1,7.4,31.3
2024-08-18,30.3,25.4,28.5,33.8,0.1,0.1,16.7,10.5,31.7
2024-08-19,29.4,26.2,28.2,32.5,2.2,2.2,19.0,15.6,37.8
2024-08-20,28.7,25.6,26.9,31.6,63.8,63.8,20.0,13.9,37.4
2024-08-21,30.5,25.4,28.0,34.1,38.6,38.6,9.4,5.4,23.0
2024-08-22,31.3,24.8,27.7,33.2,5.1,5.1,15.8,9.1,34.9
2024-08-23,32.4,25.7,28.7,35.1,0.0,0.0,11.8,5.6,25.2
2024-08-24,31.6,26.0,28.2,34.9,9.2,9.2,15.0,6.7,34.6
2024-08-25,30.9,25.6,28.2,34.6,0.3,0.3,12.5,7.4,25.6
2024-08-26,29.6,26.5,28.1,31.9,10.8,10.8,32.9,18.8,54.4
2024-08-27,27.6,24.9,26.2,27.1,74.9,74.9,41.6,29.2,70.6
2024-08-28,30.9,22.6,26.8,30.1,0.0,0.0,17.6,11.0,30.6
2024-08-29,29.8,22.6,25.8,30.3,0.0,0.0,13.4,8.9,27.7
2024-08-30,31.5,22.7,26.8,31.6,0.0,0.0,12.5,6.8,21.2
2024-08-31,29.2,23.1,26.3,30.9,0.0,0.0,17.1,8.9,33.1
2024-09-01,30.0,25.9,27.6,32.7,10.9,10.9,22.3,13.3,36.4
2024-09-02,27.4,20.5,24.8,25.2,0.0,0.0,24.5,19.2,44.3
2024-09-03,27.9,19.2,23.6,25.6,0.0,0.0,14.8,9.5,28.4
2024-09-04,27.5,21.5,25.1,28.1,0.0,0.0,18.1,10.0,35.6
2024-09-05,29.0,23.2,26.2,29.2,1.7,1.7,26.6,15.3,47.2
2024-09-06,27.9,21.4,24.2,25.3,0.0,0.0,19.7,11.9,34.6
2024-09-07,27.0,20.1,23.5,26.1,0.0,0.0,9.7,6.3,19.8
2024-09-08,27.9,21.4,25.3,28.5,0.0,0.0,15.7,7.6,31.0
2024-09-09,28.2,24.5,26.3,29.5,0.0,0.0,17.1,13.2,32.8
2024-09-10,29.4,24.1,26.7,31.6,0.0,0.0,18.0,9.0,36.4
2024-09-11,30.3,23.8,26.7,30.7,0.7,0.7,14.8,10.1,30.2
2024-09-12,29.1,23.3,26.3,30.2,10.1,10.1,17.8,12.4,33.5
2024-09-13,28.8,24.9,26.6,32.3,3.9,3.9,12.1,6.2,27.0
2024-09-14,26.8,20.7,24.7,26.9,8.7,8.7,24.6,15.4,45.4
2024-09-15,25.9,18.8,22.1,21.5,0.0,0.0,24.2,19.3,44.6
2024-09-16,29.6,19.0,24.2,26.3,2.5,2.5,18.1,10.9,32.4
2024-09-17,29.7,25.8,27.4,32.4,0.6,0.6,17.3,12.0,29.5
2024-09-18,28.5,24.9,26.8,31.8,3.7,3.7,15.0,11.3,27.4
2024-09-19,30.0,25.2,27.5,32.9,0.8,0.8,14.2,10.3,25.9
2024-09-20,29.8,20.5,26.3,29.9,7.7,7.7,35.9,16.0,61.6
2024-09-21,22.5,17.2,19.6,14.9,0.1,0.1,42.5,36.6,76.0
2024-09-22,22.3,15.4,18.4,14.6,0.0,0.0,29.2,25.0,53.6
2024-09-23,23.6,13.9,18.7,18.0,0.0,0.0,16.3,10.7,32.8
2024-09-24,25.0,17.2,21.3,22.8,0.4,0.4,9.4,6.4,18.7
2024-09-25,26.6,19.0,22.8,24.8,0.0,0.0,12.0,6.9,25.2
2024-09-26,26.8,18.2,22.2,22.9,0.0,0.0,15.9,11.9,32.0
2024-09-27,25.5,17.7,21.8,22.1,0.0,0.0,11.7,8.7,24.1
2024-09-28,25.4,19.2,22.5,23.7,0.0,0.0,17.0,10.4,29.2
2024-09-29,26.6,22.5,24.5,25.9,0.4,0.4,22.1,17.5,41.8
2024-09-30,24.8,17.6,22.9,24.8,2.8,2.8,34.6,15.2,60.1
2024-10-01,20.7,15.5,17.7,13.7,1.4,1.4,34.4,26.8,59.4
2024-10-02,20.3,12.1,16.0,12.4,0.0,0.0,23.1,17.0,38.9
2024-10-03,21.6,11.9,16.5,14.4,0.0,0.0,16.4,10.9,33.5
2024-10-04,21.6,12.5,17.1,16.2,0.0,0.0,10.7,7.3,23.8
2024-10-05,22.6,15.8,19.1,18.9,0.0,0.0,16.8,8.1,32.8
2024-10-06,21.7,17.2,19.3,19.1,0.3,0.3,15.2,7.5,26.6
2024-10-07,20.8,13.8,17.6,15.1,0.0,0.0,26.6,20.1,49.3
2024-10-08,22.2,11.4,16.4,14.2,0.0,0.0,17.1,13.3,33.1
2024-10-09,21.8,12.8,18.1,16.6,0.0,0.0,18.4,9.0,31.3
2024-10-10,23.8,15.6,19.0,17.5,0.2,0.2,21.8,14.5,39.2
2024-10-11,21.9,12.6,17.8,17.3,0.0,0.0,11.0,8.3,23.4
2024-10-12,23.2,18.5,20.8,20.9,0.7,0.7,17.1,12.5,33.8
2024-10-13,22.6,18.4,20.5,20.0,8.9,8.9,21.3,14.9,35.3
2024-10-14,23.6,17.1,20.1,21.0,5.5,5.5,24.7,11.0,41.8
2024-10-15,25.0,15.8,19.4,19.7,0.0,0.0,19.2,9.8,31.7
2024-10-16,20.7,13.4,17.2,16.6,0.0,0.0,12.5,7.9,25.2
2024-10-17,22.4,15.4,19.4,19.0,8.9,8.9,25.5,15.9,47.5
2024-10-18,21.4,15.4,19.6,19.7,60.5,60.5,39.5,19.5,67.0
2024-10-19,14.2,7.4,10.2,2.9,0.0,0.0,46.0,37.0,80.3
2024-10-20,15.6,6.6,11.2,7.8,3.0,3.0,22.1,15.9,43.9
2024-10-21,16.2,11.7,14.1,12.3,4.3,4.3,21.0,12.3,36.7
2024-10-22,14.8,11.4,13.5,9.8,3.1,3.1,39.0,25.2,65.9
2024-10-23,16.7,9.2,13.1,10.1,0.0,0.0,28.3,14.8,51.5
2024-10-24,18.3,10.2,13.9,12.6,0.0,0.0,9.9,6.6,19.1
2024-10-25,19.9,11.6,15.1,14.4,0.0,0.0,14.1,7.8,28.1
2024-10-26,19.0,12.4,15.4,15.3,0.0,0.0,12.6,6.7,28.8
2024-10-27,18.5,11.6,14.9,12.6,0.0,0.0,27.5,17.1,47.9
2024-10-28,17.4,8.9,12.7,9.6,0.0,0.0,23.2,16.0,41.0
2024-10-29,17.1,8.8,13.0,11.8,0.0,0.0,9.6,6.2,20.9
2024-10-30,19.6,10.6,14.5,13.5,0.0,0.0,10.2,7.0,19.8
2024-10-31,19.8,10.9,14.8,13.8,0.0,0.0,14.7,8.2,29.9
2024-11-01,19.9,11.1,15.3,13.5,0.0,0.0,20.5,14.2,36.7
2024-11-02,21.2,12.2,15.5,13.9,0.0,0.0,21.4,14.2,38.9
2024-11-03,20.6,12.4,16.5,16.4,0.0,0.0,14.4,8.3,27.4
2024-11-04,15.8,8.5,12.8,8.0,0.0,0.0,30.2,23.4,54.4
2024-11-05,12.9,5.5,9.1,5.5,0.0,0.0,15.5,11.7,28.1
2024-11-06,14.7,5.4,10.3,7.5,0.0,0.0,10.5,7.4,23.4
2024-11-07,16.2,7.2,12.1,10.1,0.0,0.0,12.1,6.5,24.5
2024-11-08,17.1,9.8,14.2,12.6,0.0,0.0,17.2,9.8,33.8
2024-11-09,18.6,14.4,16.5,14.7,0.0,0.0,18.6,13.4,36.4
2024-11-10,20.2,13.6,16.7,16.3,0.0,0.0,11.8,8.0,24.1
2024-11-11,17.8,11.9,14.9,15.0,0.1,0.1,11.5,6.2,24.5
2024-11-12,19.4,12.9,15.4,14.9,0.0,0.0,15.2,8.9,29.2
2024-11-13,18.0,15.2,16.9,15.7,0.0,0.0,17.6,13.3,37.8
2024-11-14,18.6,15.1,16.9,17.0,6.2,6.2,18.2,9.1,37.4
2024-11-15,19.0,13.9,16.0,16.5,0.0,0.0,11.8,6.0,23.8
2024-11-16,16.9,12.1,15.2,13.9,0.2,0.2,24.2,14.2,55.4
2024-11-17,12.1,7.4,10.4,6.1,0.0,0.0,20.9,16.0,51.1
2024-11-18,10.2,4.9,7.1,2.7,0.0,0.0,15.9,13.4,36.4
2024-11-19,9.9,4.0,6.9,3.7,0.0,0.0,14.1,6.0,29.9
2024-11-20,13.2,7.5,10.1,7.8,0.0,0.0,11.3,5.3,29.9
2024-11-21,15.1,6.9,10.5,7.6,0.0,0.0,17.1,10.1,36.7
2024-11-22,12.4,6.6,9.2,5.2,0.0,0.0,19.4,12.6,40.0
2024-11-23,10.9,3.5,7.3,3.3,0.0,0.0,13.1,10.4,28.8
2024-11-24,13.3,5.1,9.7,6.7,0.0,0.0,11.2,7.0,29.2
2024-11-25,13.9,5.9,11.0,7.4,8.9,8.9,31.9,18.2,65.9
2024-11-26,5.6,0.9,3.2,-3.3,0.0,0.0,30.1,22.7,64.4
2024-11-27,4.9,-0.5,2.4,-4.6,0.0,0.0,33.4,24.5,70.6
2024-11-28,6.7,3.0,5.0,-1.4,0.0,0.0,30.0,23.4,72.0
2024-11-29,13.0,3.5,7.9,3.3,0.0,0.0,22.4,14.1,55.1
2024-11-30,14.6,5.1,9.9,7.5,0.0,0.0,12.2,5.7,25.6
2024-12-01,14.3,10.5,12.7,9.9,0.0,0.0,17.7,12.5,42.5
2024-12-02,9.8,2.5,6.5,2.1,0.0,0.0,22.3,16.4,53.6
2024-12-03,7.3,0.7,4.1,0.2,0.0,0.0,12.4,7.7,26.6
2024-12-04,8.9,1.8,5.4,1.7,0.0,0.0,9.0,7.1,25.2
2024-12-05,10.4,2.9,6.2,2.5,0.0,0.0,18.0,9.2,44.3
2024-12-06,9.3,2.0,6.2,2.6,0.0,0.0,14.7,7.0,28.4
2024-12-07,6.4,0.9,3.4,-2.2,0.0,0.0,29.9,19.6,68.8
2024-12-08,5.8,-0.6,2.2,-3.3,0.0,0.0,22.9,15.0,51.5
2024-12-09,6.7,0.6,3.5,-0.3,0.0,0.0,8.1,6.0,23.4
2024-12-10,7.2,0.9,3.9,-0.2,0.0,0.0,13.0,9.8,29.5
2024-12-11,7.8,1.6,4.6,-0.1,0.0,0.0,18.4,14.6,40.7
2024-12-12,4.9,0.0,2.5,-1.4,0.0,0.0,14.2,8.2,31.0
2024-12-13,5.9,1.6,3.4,-1.9,0.0,0.0,30.6,19.1,71.3
2024-12-14,4.8,-0.6,2.2,-3.8,0.0,0.0,21.8,18.6,52.9
2024-12-15,6.9,0.8,3.3,-1.6,0.0,0.0,15.5,12.1,38.2
2024-12-16,7.6,-0.8,3.2,-0.3,0.0,0.0,7.2,4.0,14.4
2024-12-17,7.5,0.4,3.1,-1.6,0.0,0.0,21.2,12.7,47.5
2024-12-18,2.7,-0.6,0.6,-5.5,0.0,0.0,27.6,21.0,64.8
2024-12-19,2.8,-1.6,0.6,-3.4,0.0,0.0,15.9,8.0,37.8
2024-12-20,5.6,0.6,2.7,-1.8,0.0,0.0,19.1,10.7,40.7
2024-12-21,1.4,-1.0,0.2,-6.1,0.0,0.0,28.5,22.2,66.6
2024-12-22,4.3,-1.7,0.7,-4.1,0.0,0.0,15.7,11.1,37.1
2024-12-23,5.5,-0.8,1.6,-3.0,0.0,0.0,12.6,9.5,30.2
2024-12-24,4.6,-0.8,2.2,-1.4,0.0,0.0,10.3,6.4,22.0
2024-12-25,8.4,1.5,4.7,1.3,0.0,0.0,14.9,6.0,33.5
2024-12-26,3.3,-0.3,1.4,-4.1,0.0,0.0,19.8,16.8,48.6
2024-12-27,3.2,-1.4,0.2,-6.1,0.0,0.0,25.4,19.4,58.0
2024-12-28,5.3,-1.5,1.3,-4.4,0.0,0.0,22.3,14.9,50.0
2024-12-29,6.6,-0.4,3.8,-0.9,0.0,0.0,21.7,12.1,50.4
2024-12-30,7.8,0.9,4.2,-0.4,0.0,0.0,21.2,11.6,48.6
2024-12-31,7.1,-0.3,3.5,-0.6,0.0,0.0,15.4,9.6,35.6
2025-01-01,7.8,1.9,4.7,1.4,0.0,0.0,11.4,5.2,29.2
2025-01-02,6.9,0.3,3.3,-0.7,0.0,0.0,14.7,9.2,33.8
2025-01-03,5.6,-2.1,1.5,-2.4,0.0,0.0,11.7,6.2,30.6
2025-01-04,6.9,0.7,4.1,0.4,0.0,0.0,15.7,8.8,35.3
2025-01-05,9.1,1.2,4.9,1.6,0.0,0.0,15.7,8.2,36.0
2025-01-06,3.9,-0.3,1.7,-3.4,0.0,0.0,22.8,15.0,55.4
2025-01-07,6.1,-0.1,2.3,-2.8,0.0,0.0,21.0,12.4,51.1
2025-01-08,3.5,-2.2,0.7,-5.0,0.0,0.0,25.7,17.7,60.1
2025-01-09,-1.2,-4.6,-2.7,-9.8,0.0,0.0,33.2,25.0,77.8
2025-01-10,2.3,-5.6,-2.0,-7.3,0.0,0.0,20.9,12.4,50.0
2025-01-11,2.8,-3.3,0.0,-4.0,0.0,0.0,9.3,5.2,24.5
2025-01-12,4.5,-1.5,1.3,-3.0,0.0,0.0,12.0,8.5,31.3
2025-01-13,6.4,2.0,3.9,-0.4,0.0,0.0,19.3,12.4,45.7
2025-01-14,7.8,-0.3,2.3,-3.2,0.0,0.0,29.0,16.5,68.8
2025-01-15,1.5,-2.7,-0.5,-6.5,0.0,0.0,25.4,16.9,53.3
2025-01-16,5.6,-1.5,1.2,-3.6,0.0,0.0,14.4,9.6,32.0
2025-01-17,5.1,-1.9,1.7,-1.8,0.0,0.0,9.7,6.5,25.6
2025-01-18,7.2,1.1,4.6,1.1,0.0,0.0,16.2,9.6,38.9
2025-01-19,9.9,0.9,4.3,-0.0,0.0,0.0,15.9,10.1,38.5
2025-01-20,7.2,-0.8,2.9,-1.0,0.0,0.0,12.2,9.0,27.7
2025-01-21,8.1,2.2,4.8,1.9,0.0,0.0,10.5,6.5,27.7
2025-01-22,7.6,1.5,4.1,1.0,0.0,0.0,8.5,5.3,23.4
2025-01-23,7.3,-0.1,3.8,0.6,0.0,0.0,11.5,6.6,29.5
2025-01-24,8.8,1.9,5.1,2.0,0.0,0.0,9.8,6.3,22.7
2025-01-25,7.8,-0.1,3.5,-0.6,0.0,0.0,13.2,9.7,27.7
2025-01-26,3.1,-1.2,1.5,-3.3,0.6,0.1,30.0,14.4,70.6
2025-01-27,-1.2,-4.1,-2.6,-10.5,0.0,0.0,30.2,28.0,70.9
2025-01-28,-1.0,-5.0,-3.0,-10.1,0.0,0.0,26.6,23.0,63.4
2025-01-29,4.1,-5.2,0.2,-4.6,0.0,0.0,17.4,10.6,42.1
2025-01-30,7.2,3.7,5.4,1.6,0.0,0.0,17.4,12.4,41.4
2025-01-31,6.3,1.6,4.0,0.8,0.1,0.1,15.5,9.6,33.8
2025-02-01,6.4,0.6,3.3,-1.4,0.0,0.0,17.4,13.3,41.0
2025-02-02,4.8,-1.5,1.6,-2.8,0.0,0.0,21.5,11.3,50.0
2025-02-03,1.5,-2.4,-0.7,-6.7,0.0,0.0,29.9,18.9,70.6
2025-02-04,1.1,-3.1,-1.4,-6.9,0.0,0.0,19.1,13.1,45.7
2025-02-05,-0.9,-3.3,-1.9,-7.9,0.0,0.0,27.8,16.5,66.2
2025-02-06,6.5,-1.5,1.1,-4.3,0.0,0.0,22.4,12.8,51.8
2025-02-07,-2.2,-7.4,-5.7,-14.3,0.0,0.0,39.2,33.7,89.6
2025-02-08,-0.8,-6.5,-4.1,-10.5,0.0,0.0,23.5,19.4,51.5
2025-02-09,1.0,-6.6,-2.9,-7.5,0.0,0.0,10.7,6.7,30.6
2025-02-10,4.0,-2.8,1.3,-3.3,0.0,0.0,16.3,10.3,40.3
2025-02-11,7.5,3.5,5.5,1.1,3.8,3.8,25.7,17.7,52.6
2025-02-12,5.8,0.2,3.7,-1.6,1.4,1.4,31.9,19.6,74.5
2025-02-13,7.7,-1.4,3.4,-1.2,0.0,0.0,18.8,10.6,45.7
2025-02-14,7.8,0.6,4.5,0.4,0.0,0.0,17.1,10.5,41.4
2025-02-15,9.6,3.4,6.4,2.7,0.0,0.0,17.7,12.4,38.2
2025-02-16,9.9,-0.2,5.4,0.5,0.0,0.0,23.8,14.8,57.6
2025-02-17,6.8,-1.5,2.0,-2.5,0.0,0.0,15.1,9.8,40.0
2025-02-18,4.7,-2.2,1.7,-2.6,0.0,0.0,13.4,8.9,35.3
2025-02-19,4.1,-1.5,1.3,-2.7,0.0,0.0,12.2,6.2,32.8
2025-02-20,4.9,-0.8,1.9,-2.1,0.0,0.0,13.2,6.5,35.3
2025-02-21,4.6,-1.4,1.9,-1.9,0.1,0.0,18.3,8.2,41.8
2025-02-22,3.7,-1.9,0.8,-3.4,0.3,0.0,14.5,7.6,33.8
2025-02-23,3.6,-2.2,0.1,-5.0,0.0,0.0,26.5,12.8,64.1
2025-02-24,4.8,-3.0,1.0,-3.5,0.0,0.0,14.8,10.3,38.5
2025-02-25,8.3,2.7,5.1,1.1,0.0,0.0,16.6,12.1,41.0
2025-02-26,8.4,0.2,4.7,1.1,0.0,0.0,17.5,9.1,36.0
2025-02-27,9.2,5.4,6.9,3.4,0.0,0.0,19.9,14.8,47.9
2025-02-28,10.2,4.0,6.2,3.4,0.0,0.0,19.2,11.1,40.7
2025-03-01,10.8,5.1,8.2,5.5,22.7,22.7,27.0,13.7,55.1
2025-03-02,8.8,2.8,5.8,2.1,39.9,39.9,28.2,16.7,54.4
2025-03-03,7.4,1.5,4.1,-0.9,3.1,3.0,25.9,18.2,54.0
2025-03-04,6.2,1.3,3.6,-0.2,6.9,4.4,19.2,12.2,46.1
2025-03-05,7.7,1.9,4.1,0.9,0.1,0.1,11.7,7.9,29.5
2025-03-06,10.0,0.3,4.5,0.3,0.0,0.0,20.1,12.5,50.0
2025-03-07,5.3,-0.7,3.2,-0.5,0.0,0.0,12.1,9.4,30.2
2025-03-08,10.2,3.2,6.4,3.6,0.0,0.0,13.4,8.7,31.7
2025-03-09,8.7,5.0,6.6,3.4,0.0,0.0,14.4,12.0,35.6
2025-03-10,9.2,5.4,7.2,4.0,0.0,0.0,17.1,14.8,39.2
2025-03-11,9.9,6.1,7.7,5.0,0.0,0.0,18.0,13.1,41.4
2025-03-12,17.3,5.9,10.4,7.8,0.0,0.0,17.5,9.5,44.3
2025-03-13,11.8,5.2,8.1,5.1,0.0,0.0,12.0,7.5,29.9
2025-03-14,13.6,1.8,8.1,4.9,0.0,0.0,17.9,8.0,35.3
2025-03-15,12.9,3.2,8.3,3.8,0.8,0.6,25.5,14.3,52.9
2025-03-16,7.0,1.0,3.7,-2.5,0.1,0.0,31.0,21.7,81.7
2025-03-17,12.1,1.6,5.4,0.3,0.2,0.2,32.1,16.3,76.0
2025-03-18,6.2,0.2,2.9,-2.3,0.0,0.0,25.9,16.4,61.2
2025-03-19,12.2,0.9,6.9,3.2,0.0,0.0,21.2,10.8,43.2
2025-03-20,18.4,6.8,12.4,9.0,0.0,0.0,18.1,11.7,37.8
2025-03-21,23.2,9.4,16.2,12.6,0.0,0.0,20.9,11.8,38.9
2025-03-22,23.1,12.2,18.0,15.2,0.0,0.0,19.6,8.1,37.8
2025-03-23,23.7,12.7,17.7,13.6,0.0,0.0,21.0,13.5,38.9
2025-03-24,24.4,10.4,16.8,13.0,0.0,0.0,25.0,14.1,61.6
2025-03-25,22.0,8.9,15.5,10.7,0.0,0.0,29.6,19.3,69.5
2025-03-26,16.0,9.8,13.1,9.1,0.0,0.0,28.0,21.0,55.8
2025-03-27,13.9,6.6,10.9,5.2,0.0,0.0,29.7,23.5,69.5
2025-03-28,9.8,3.5,6.5,2.4,0.1,0.1,18.0,10.1,46.1
2025-03-29,9.9,2.8,6.1,1.2,0.0,0.0,22.7,14.8,56.9
2025-03-30,11.9,5.2,8.5,4.5,0.8,0.8,22.5,13.4,50.8
2025-03-31,14.0,5.9,9.6,5.6,0.0,0.0,25.6,15.1,54.7
2025-04-01,12.6,7.9,10.2,5.7,0.0,0.0,26.2,20.4,56.9
2025-04-02,16.4,8.9,12.3,7.9,0.2,0.2,22.6,16.8,55.8
2025-04-03,12.1,4.4,9.1,5.7,0.0,0.0,16.4,10.7,40.0
2025-04-04,12.8,8.1,10.3,6.6,6.6,6.6,23.8,18.4,56.5
2025-04-05,15.2,8.1,11.3,7.7,4.8,4.8,27.8,14.6,66.2
2025-04-06,13.9,8.7,11.5,8.2,0.0,0.0,18.1,15.2,42.1
2025-04-07,21.1,10.9,15.7,12.7,0.0,0.0,24.3,17.2,46.4
2025-04-08,19.8,10.9,14.9,12.0,0.0,0.0,15.7,11.2,37.8
2025-04-09,15.5,9.6,12.7,10.7,0.2,0.2,15.5,9.0,30.2
2025-04-10,14.1,8.4,11.1,8.7,0.0,0.0,16.3,10.5,40.3
2025-04-11,14.0,9.5,11.8,8.7,5.9,5.9,22.8,18.3,53.6
2025-04-12,15.6,9.1,11.8,6.3,7.3,7.3,35.2,25.4,85.7
2025-04-13,14.9,6.0,9.9,4.0,0.0,0.0,31.6,22.4,70.9
2025-04-14,15.6,7.3,11.0,5.9,0.0,0.0,40.4,22.6,92.9
2025-04-15,20.5,7.1,14.2,12.1,0.0,0.0,22.5,9.9,40.3
2025-04-16,22.0,14.4,18.7,15.9,0.0,0.0,26.6,19.6,56.5
2025-04-17,24.3,14.6,19.9,19.6,0.0,0.0,14.8,10.2,34.2
2025-04-18,20.1,11.3,15.9,14.1,0.0,0.0,21.8,11.5,44.3
2025-04-19,20.6,11.1,15.1,12.9,0.6,0.6,20.6,13.0,51.1
2025-04-20,16.5,9.1,12.4,10.7,0.0,0.0,17.7,9.0,44.6
2025-04-21,15.1,10.0,12.7,10.9,1.6,1.6,20.8,14.1,51.5
2025-04-22,21.4,11.1,16.1,13.4,0.0,0.0,27.6,20.2,63.0
2025-04-23,16.9,10.2,13.5,11.5,0.0,0.0,14.5,10.4,35.3
2025-04-24,19.9,12.1,15.7,11.4,0.0,0.0,27.5,16.8,58.0
2025-04-25,18.4,9.4,14.2,11.0,0.0,0.0,21.7,10.9,49.3
2025-04-26,19.6,12.8,16.2,13.3,0.0,0.0,23.1,16.1,53.3
2025-04-27,18.5,13.6,15.9,13.9,0.0,0.0,20.0,12.1,40.7
2025-04-28,24.9,10.2,16.0,13.6,0.0,0.0,16.7,12.1,43.2
2025-04-29,22.4,12.4,16.9,14.2,0.0,0.0,25.6,17.1,55.1
2025-04-30,20.5,15.9,18.2,15.7,0.4,0.4,26.6,20.1,58.7
2025-05-01,22.9,13.9,18.0,15.3,2.0,2.0,25.5,16.5,60.1
2025-05-02,17.4,12.8,14.6,11.2,17.1,17.1,29.9,20.9,69.5
2025-05-03,19.6,11.9,15.2,12.0,0.7,0.7,22.9,16.6,52.2
2025-05-04,19.1,9.6,14.3,12.4,0.0,0.0,18.3,10.5,44.6
2025-05-05,15.1,12.8,13.7,11.3,0.0,0.0,20.7,16.9,53.6
2025-05-06,17.1,12.1,14.0,13.1,12.8,12.8,18.3,9.7,39.6
2025-05-07,15.8,10.4,13.5,12.8,0.0,0.0,18.0,10.7,36.7
2025-05-08,15.4,13.2,14.1,11.5,3.3,3.3,24.4,20.2,54.7
2025-05-09,15.1,12.4,13.8,11.7,15.5,15.5,26.0,17.6,49.3
2025-05-10,19.9,12.2,15.5,12.8,2.8,2.8,27.0,18.6,64.1
2025-05-11,19.5,13.1,16.1,14.6,0.0,0.0,18.4,12.9,41.4
2025-05-12,22.5,15.6,19.4,18.0,0.0,0.0,27.8,18.5,51.5
2025-05-13,21.3,17.0,18.9,16.9,0.0,0.0,22.7,20.8,51.5
2025-05-14,19.8,16.8,18.1,17.8,8.4,8.4,19.6,13.5,37.8
2025-05-15,18.5,14.6,16.3,16.1,0.0,0.0,16.7,11.4,34.6
2025-05-16,17.9,14.1,16.0,15.7,0.0,0.0,17.4,12.6,42.1
2025-05-17,25.4,14.9,19.4,16.9,0.0,0.0,35.7,22.1,85.7
2025-05-18,19.6,11.4,15.7,13.4,0.0,0.0,24.0,13.5,55.1
2025-05-19,26.6,15.4,21.5,21.0,0.0,0.0,24.0,18.9,47.2
2025-05-20,25.2,17.0,21.8,22.0,0.0,0.0,22.1,17.0,43.2
2025-05-21,25.0,17.1,20.5,22.3,0.0,0.0,16.2,9.2,40.0
2025-05-22,28.0,20.2,23.9,21.8,0.0,0.0,15.5,11.9,40.3
2025-05-23,21.4,16.0,19.3,16.2,0.0,0.0,23.1,16.9,52.6
2025-05-24,24.8,13.9,19.4,17.1,0.0,0.0,17.7,12.6,45.7
2025-05-25,26.8,15.7,21.0,18.8,0.0,0.0,21.6,11.2,47.5
2025-05-26,27.6,17.6,22.1,21.0,0.0,0.0,17.3,10.0,40.0
2025-05-27,25.4,17.1,21.0,20.4,0.0,0.0,15.5,10.4,39.6
2025-05-28,22.6,17.5,19.8,18.7,0.0,0.0,15.7,13.1,40.7
2025-05-29,22.2,16.9,19.5,18.8,0.0,0.0,15.3,11.8,40.0
2025-05-30,23.0,16.9,19.8,20.0,0.0,0.0,14.6,10.9,38.2
2025-05-31,21.0,18.1,19.4,18.8,0.0,0.0,16.0,13.5,37.1
2025-06-01,22.7,17.5,20.0,19.5,0.1,0.1,17.4,13.4,45.4
2025-06-02,20.2,16.1,18.0,18.4,7.4,7.4,14.0,8.4,33.1
2025-06-03,29.0,15.8,21.6,21.0,0.0,0.0,21.7,10.2,46.8
2025-06-04,32.0,17.6,24.0,22.3,0.0,0.0,22.5,9.4,55.1
2025-06-05,26.4,20.1,23.1,22.3,0.0,0.0,23.8,16.5,45.4
2025-06-06,27.4,21.5,23.7,23.9,0.0,0.0,18.4,15.0,44.6
2025-06-07,27.2,20.5,23.6,25.6,1.1,1.1,16.9,11.3,41.4
2025-06-08,26.1,20.0,22.3,24.2,2.1,2.1,21.9,11.8,52.2
2025-06-09,24.0,19.8,21.8,23.0,7.0,7.0,20.2,15.1,47.9
2025-06-10,27.0,19.1,22.1,23.6,3.5,3.5,17.6,10.0,38.9
2025-06-11,25.5,17.2,21.2,22.7,0.0,0.0,13.4,8.0,33.8
2025-06-12,24.0,18.6,21.3,21.2,0.0,0.0,19.8,13.9,45.7
2025-06-13,23.7,19.6,21.3,22.8,3.4,3.4,19.5,15.3,46.8
2025-06-14,23.2,20.8,21.6,23.8,0.5,0.5,22.4,13.7,45.4
2025-06-15,25.8,20.8,22.9,26.4,3.4,3.4,18.6,10.1,38.2
2025-06-16,29.0,20.5,24.9,25.6,0.0,0.0,22.4,12.0,54.4
2025-06-17,30.0,20.6,24.8,25.2,0.0,0.0,17.6,10.5,42.8
2025-06-18,28.4,23.0,25.4,26.1,0.0,0.0,23.6,16.9,47.5
2025-06-19,24.1,22.2,23.0,25.3,19.4,19.4,28.5,16.3,55.1
2025-06-20,28.4,22.5,24.0,26.6,36.2,36.2,26.9,13.8,52.9
2025-06-21,26.1,21.0,23.1,26.1,0.0,0.0,13.8,7.3,26.6
2025-06-22,29.0,21.4,24.0,26.8,0.0,0.0,14.1,9.2,34.2
2025-06-23,25.8,20.4,23.0,26.2,0.0,0.0,12.7,8.3,32.4
2025-06-24,29.5,20.4,24.1,26.7,0.0,0.0,16.6,6.6,39.2
2025-06-25,29.0,21.6,25.3,26.9,0.0,0.0,15.9,9.9,39.2
2025-06-26,30.0,22.2,24.9,27.6,27.4,27.4,19.4,10.3,42.5
2025-06-27,26.6,21.6,24.3,27.6,18.2,18.2,18.9,12.3,38.5
2025-06-28,25.8,22.4,23.9,27.6,6.3,6.3,16.1,10.1,36.0
2025-06-29,26.0,22.9,24.2,28.0,5.6,5.6,17.5,13.1,41.4
2025-06-30,26.0,23.0,24.5,28.3,10.6,10.6,19.4,13.5,47.2
2025-07-01,27.8,24.2,25.9,30.7,7.6,7.6,17.9,12.7,35.6
2025-07-02,28.7,25.1,26.7,31.6,0.0,0.0,16.0,13.1,33.8
2025-07-03,29.4,26.1,27.6,32.3,0.0,0.0,21.5,16.8,41.4
2025-07-04,31.8,27.0,28.9,34.0,0.0,0.0,19.8,16.8,44.3
2025-07-05,32.6,27.0,29.6,34.2,0.0,0.0,22.7,17.2,51.5
2025-07-06,35.5,27.2,31.4,37.4,0.0,0.0,15.1,8.2,38.2
2025-07-07,31.5,26.6,28.4,33.4,0.0,0.0,18.5,11.6,46.8
2025-07-08,31.1,26.3,28.3,32.9,0.0,0.0,17.8,14.2,44.3
2025-07-09,31.2,26.2,28.5,33.1,0.0,0.0,16.8,13.4,42.1
2025-07-10,31.6,26.2,28.7,33.1,0.0,0.0,15.4,10.8,41.4
2025-07-11,33.5,26.0,29.4,33.8,0.5,0.5,16.7,10.0,40.7
2025-07-12,32.3,26.2,28.8,33.6,0.5,0.5,15.3,9.0,40.0
2025-07-13,32.7,25.7,29.0,33.7,7.1,7.1,18.2,7.4,41.8
2025-07-14,33.7,24.8,29.1,28.4,0.0,0.0,25.3,19.0,62.6
2025-07-15,32.9,24.0,27.7,29.0,5.7,5.7,16.9,10.4,43.2
2025-07-16,30.0,24.1,26.9,30.4,40.6,40.6,26.0,14.9,50.8
2025-07-17,29.8,22.2,25.8,29.2,0.1,0.1,14.1,9.9,32.4
2025-07-18,30.1,23.5,26.4,30.9,1.5,1.5,11.8,6.9,28.8
2025-07-19,28.8,23.6,26.7,30.9,0.1,0.1,18.8,10.8,45.7
2025-07-20,29.4,25.0,27.7,32.2,21.7,21.7,25.8,19.3,59.4
2025-07-21,29.3,27.0,28.1,32.5,3.9,3.9,22.1,19.4,50.8
2025-07-22,29.2,27.1,27.9,32.2,1.4,1.4,22.9,19.5,52.9
2025-07-23,29.1,26.6,27.7,32.1,1.5,1.5,21.7,18.6,51.1
2025-07-24,29.3,26.6,27.8,31.6,1.0,1.0,21.6,18.8,49.7
2025-07-25,30.0,26.0,27.9,32.5,0.0,0.0,17.0,13.6,42.5
2025-07-26,31.8,26.0,28.9,33.4,0.0,0.0,16.3,11.3,42.5
2025-07-27,33.8,25.6,30.0,34.2,0.0,0.0,16.9,8.6,44.6
2025-07-28,32.8,27.1,29.9,34.6,0.1,0.1,17.6,12.0,45.0
2025-07-29,31.8,27.5,29.4,33.6,0.0,0.0,16.5,13.5,41.8
2025-07-30,32.8,26.7,29.5,33.9,0.0,0.0,15.8,8.9,40.3
2025-07-31,31.0,27.6,29.0,32.9,0.9,0.9,21.4,13.7,52.6
2025-08-01,29.6,26.5,28.3,32.9,2.2,2.2,16.9,12.8,43.2
2025-08-02,31.2,27.2,28.9,33.3,1.2,1.2,19.6,15.1,47.9
2025-08-03,33.3,26.8,29.9,35.2,0.9,0.9,12.2,7.2,31.3
2025-08-04,31.9,27.0,29.5,34.5,0.8,0.8,16.5,8.2,41.4
2025-08-05,31.1,28.2,29.5,34.4,0.0,0.0,19.8,14.1,50.0
2025-08-06,33.2,27.2,29.4,36.0,14.0,14.0,12.6,8.9,32.8
2025-08-07,31.7,27.6,29.1,35.2,1.5,1.5,17.4,8.2,41.4
2025-08-08,31.0,26.1,28.9,33.0,0.7,0.7,16.7,10.7,42.5
2025-08-09,29.1,24.6,26.6,29.8,27.4,27.4,22.5,15.5,51.1
2025-08-10,29.6,23.1,26.3,30.2,0.4,0.4,15.4,8.3,32.8
2025-08-11,27.5,24.3,26.0,30.3,2.4,2.4,12.4,6.5,33.1
2025-08-12,28.6,24.5,26.8,30.5,0.0,0.0,14.7,8.8,36.4
2025-08-13,27.8,24.7,26.0,31.2,17.3,17.3,11.6,5.6,23.4
2025-08-14,29.0,25.0,27.0,32.7,2.3,2.3,12.8,7.1,31.3
2025-08-15,29.9,27.3,28.3,33.9,3.9,3.9,18.5,13.8,46.1
2025-08-16,29.6,26.6,28.3,33.9,2.4,2.4,21.4,14.7,42.1
2025-08-17,30.0,26.8,28.6,34.5,1.2,1.2,18.3,13.2,42.5
2025-08-18,30.8,28.2,29.2,34.9,0.0,0.0,18.9,15.4,45.0
2025-08-19,30.8,28.0,29.4,34.9,0.0,0.0,19.7,16.6,45.7
2025-08-20,32.6,28.7,30.3,36.5,0.1,0.1,17.2,14.2,40.7
2025-08-21,32.1,28.7,30.1,35.9,0.0,0.0,21.7,16.9,49.3
2025-08-22,33.2,28.5,30.5,37.0,0.1,0.1,17.5,11.8,42.1
2025-08-23,33.0,28.5,30.6,37.2,0.6,0.6,18.6,11.7,46.8
2025-08-24,32.3,27.0,29.8,35.8,6.5,6.5,13.8,9.1,37.1
2025-08-25,30.7,26.3,28.0,33.3,1.7,1.7,13.5,8.1,34.9
2025-08-26,31.7,24.6,27.9,31.5,0.0,0.0,14.9,9.2,34.9
2025-08-27,30.6,24.8,28.0,30.7,0.5,0.5,19.6,14.1,49.0
2025-08-28,32.0,26.9,29.7,35.3,2.9,2.9,21.1,14.3,51.1
2025-08-29,32.3,26.0,28.6,35.0,17.6,17.6,12.3,4.7,34.9
2025-08-30,29.5,25.0,27.6,33.5,6.6,6.6,12.4,6.2,29.9
2025-08-31,28.2,23.4,25.5,30.2,23.8,23.8,20.3,8.2,41.8
2025-09-01,29.5,22.0,25.2,28.5,0.0,0.0,17.8,9.9,38.2
2025-09-02,29.1,22.8,26.2,30.5,0.2,0.2,12.5,6.5,29.5
2025-09-03,25.8,22.0,23.7,26.6,40.1,40.1,15.7,10.7,38.9
2025-09-04,29.5,23.1,25.9,30.1,1.0,1.0,14.2,8.0,33.1
2025-09-05,28.5,23.5,26.4,31.6,0.3,0.3,12.3,6.5,30.6
2025-09-06,28.0,23.8,26.1,29.6,15.2,15.2,20.9,13.0,51.1
2025-09-07,27.1,22.5,24.6,28.0,0.0,0.0,10.1,5.8,27.4
2025-09-08,26.3,23.2,24.6,28.6,4.1,4.1,11.2,4.9,24.1
2025-09-09,27.4,22.3,24.6,28.2,0.2,0.2,14.5,7.3,36.4
2025-09-10,27.6,22.1,25.1,28.7,0.0,0.0,11.3,6.4,29.9
2025-09-11,28.5,23.8,26.1,28.6,0.1,0.1,15.3,10.6,37.4
2025-09-12,26.1,22.0,23.2,25.7,28.0,28.0,15.3,9.8,31.3
2025-09-13,26.1,21.1,23.7,26.4,0.2,0.2,17.4,11.1,37.1
2025-09-14,26.6,23.1,25.1,28.8,0.0,0.0,15.7,9.4,38.9
2025-09-15,27.9,23.1,25.9,30.0,0.3,0.3,18.3,10.6,39.2
2025-09-16,28.8,23.0,26.1,30.9,28.3,28.3,12.1,7.6,30.2
2025-09-17,23.5,16.9,20.5,19.1,48.7,48.7,33.4,21.8,67.3
2025-09-18,24.4,18.1,21.0,20.2,0.0,0.0,17.3,12.8,38.2
2025-09-19,19.6,14.5,16.6,15.5,21.1,21.1,19.7,14.3,41.0
2025-09-20,24.2,16.0,19.7,19.0,0.0,0.0,21.4,16.6,50.4
2025-09-21,24.8,17.2,20.9,21.5,0.0,0.0,13.0,9.2,27.7
2025-09-22,23.3,19.8,21.0,22.8,4.7,4.7,11.8,8.3,27.0
2025-09-23,23.5,19.6,21.2,23.6,16.9,16.9,16.7,9.7,34.6
2025-09-24,23.6,18.8,20.6,21.7,13.9,13.9,18.0,12.5,40.3
2025-09-25,26.9,17.5,21.3,22.9,0.0,0.0,12.3,7.9,27.4
2025-09-26,24.3,18.4,21.3,23.8,0.0,0.0,8.3,5.1,19.8
2025-09-27,23.3,19.0,21.1,23.1,3.9,3.9,10.4,6.0,26.3
2025-09-28,23.4,19.5,21.2,22.7,13.0,13.0,15.9,10.1,38.9
2025-09-29,24.5,19.5,21.6,23.8,0.0,0.0,9.1,5.9,21.2
2025-09-30,24.5,20.6,22.6,25.1,0.0,0.0,11.5,8.2,28.8
2025-10-01,25.1,20.1,23.0,25.5,0.0,0.0,19.1,10.1,42.1
2025-10-02,22.9,18.5,20.3,20.1,20.4,20.4,31.0,19.6,63.0
2025-10-03,23.2,20.0,21.4,22.0,1.2,1.2,21.1,15.5,44.6
2025-10-04,23.7,19.1,21.3,23.6,2.5,2.5,11.2,7.8,26.6
2025-10-05,22.5,20.5,21.4,23.8,18.7,18.7,15.9,10.0,31.0
2025-10-06,24.2,19.4,21.7,23.4,8.6,8.6,16.5,12.5,37.1
2025-10-07,24.1,18.8,21.0,22.0,0.2,0.2,15.8,12.7,34.9
2025-10-08,23.8,19.1,21.3,22.5,0.0,0.0,14.5,10.4,34.9
2025-10-09,23.8,20.0,22.0,23.2,0.1,0.1,15.7,12.6,40.7
2025-10-10,23.5,19.5,21.8,23.8,1.4,1.4,13.4,10.7,34.6
2025-10-11,22.8,17.8,19.8,20.6,1.8,1.8,19.3,13.5,47.5
2025-10-12,20.0,16.0,17.9,17.9,7.6,7.6,19.4,13.1,39.2
2025-10-13,18.3,14.3,16.3,15.3,3.3,3.3,20.9,13.2,43.9
2025-10-14,22.3,14.4,18.1,18.0,0.0,0.0,13.4,10.0,30.2
2025-10-15,20.5,17.4,18.5,19.5,4.3,4.3,14.2,8.7,27.7
2025-10-16,22.2,15.6,18.3,18.0,0.0,0.0,17.4,12.7,38.9
2025-10-17,20.1,13.5,15.8,15.0,14.4,14.4,24.0,13.3,46.8
2025-10-18,13.9,9.5,12.0,7.6,0.1,0.1,29.5,23.3,66.2
2025-10-19,14.2,8.8,11.0,6.7,0.0,0.0,28.4,20.2,65.2
2025-10-20,12.2,7.6,9.5,4.9,0.0,0.0,23.4,18.2,55.1
2025-10-21,14.1,7.8,10.3,6.2,0.0,0.0,20.9,16.2,42.5
2025-10-22,14.5,7.3,10.4,6.3,0.0,0.0,18.7,15.7,38.5
2025-10-23,15.8,7.9,11.1,6.9,0.0,0.0,21.4,17.4,44.6
2025-10-24,15.7,8.2,11.6,8.4,0.0,0.0,16.7,12.3,35.3
2025-10-25,14.9,8.8,12.2,10.4,0.8,0.8,12.3,6.9,24.8
2025-10-26,15.7,9.6,13.0,10.3,1.9,1.9,22.9,16.2,58.7
2025-10-27,14.3,7.7,11.0,8.2,0.0,0.0,13.4,8.8,33.8
2025-10-28,16.9,9.6,14.3,12.0,0.0,0.0,20.0,11.4,41.8
2025-10-29,18.3,15.9,16.9,13.9,0.0,0.0,25.6,21.2,59.8
2025-10-30,18.9,15.1,17.2,16.3,3.1,3.1,19.6,11.5,40.7
2025-10-31,17.4,12.1,14.7,13.3,12.5,12.5,19.3,12.6,45.0
2025-11-01,19.5,11.6,14.4,12.5,0.0,0.0,14.3,10.9,33.5
2025-11-02,12.4,6.3,10.1,5.9,0.0,0.0,19.5,16.4,45.7
2025-11-03,12.4,4.5,9.1,6.3,0.0,0.0,12.1,8.6,25.9
2025-11-04,16.2,10.4,13.6,12.2,0.0,0.0,12.3,8.6,31.0
2025-11-05,17.0,11.3,14.7,13.9,0.0,0.0,13.3,7.7,33.8
2025-11-06,18.6,11.9,15.2,14.5,0.0,0.0,10.4,8.1,25.9
2025-11-07,18.5,12.8,15.6,14.9,0.0,0.0,14.7,8.5,37.1
2025-11-08,16.3,11.9,14.3,13.4,6.1,6.1,14.7,9.8,31.3
2025-11-09,15.0,9.4,12.2,9.6,0.0,0.0,19.2,14.1,46.8
2025-11-10,14.2,7.1,10.9,8.3,0.0,0.0,11.3,7.2,25.6
2025-11-11,16.1,9.1,12.2,10.6,0.0,0.0,7.5,4.0,15.1
2025-11-12,16.5,7.2,12.1,10.6,0.0,0.0,11.1,6.0,28.4
2025-11-13,17.1,9.9,12.9,10.4,0.0,0.0,13.9,10.5,29.5
2025-11-14,16.1,6.8,12.3,10.2,0.0,0.0,12.0,7.0,28.1
2025-11-15,17.2,11.2,15.1,13.7,0.0,0.0,17.8,11.1,40.7
2025-11-16,17.5,8.6,14.1,10.6,0.0,0.0,30.5,19.3,72.4
2025-11-17,8.1,2.4,5.6,-1.2,0.0,0.0,28.4,26.7,67.0
2025-11-18,6.7,1.5,4.1,-2.4,0.0,0.0,26.2,22.5,58.0
2025-11-19,11.7,3.2,7.5,3.1,0.0,0.0,15.3,10.4,34.9
2025-11-20,13.4,5.9,9.4,5.8,0.0,0.0,14.0,10.0,30.6
2025-11-21,14.8,4.6,9.4,6.2,0.0,0.0,10.7,6.4,27.4
2025-11-22,14.8,4.6,10.2,7.4,0.0,0.0,16.8,8.4,39.6
2025-11-23,16.3,10.4,13.0,10.4,0.0,0.0,13.4,9.6,33.5
2025-11-24,17.5,6.3,11.1,7.6,0.0,0.0,32.5,11.6,67.3
2025-11-25,8.3,4.1,5.9,0.7,0.1,0.1,31.4,17.8,65.9
2025-11-26,12.9,4.8,10.0,5.7,0.0,0.0,22.8,15.5,54.7
2025-11-27,10.4,2.0,6.8,0.7,0.6,0.6,33.9,22.1,74.2
2025-11-28,13.2,1.8,9.2,4.9,0.0,0.0,25.2,16.0,58.7
2025-11-29,17.2,8.5,12.8,9.8,0.0,0.0,21.2,10.7,43.9
2025-11-30,18.7,6.9,11.3,8.1,0.0,0.0,28.4,11.5,69.8
2025-12-01,9.8,4.0,7.1,3.6,0.0,0.0,14.8,7.5,36.4
2025-12-02,5.9,-0.8,3.4,-2.1,0.0,0.0,22.2,18.5,52.6
2025-12-03,3.5,-1.5,0.5,-5.4,0.0,0.0,25.1,16.0,60.5
2025-12-04,7.6,-0.6,3.3,-1.4,0.0,0.0,22.1,11.4,52.2
2025-12-05,8.9,-1.5,4.3,0.4,0.0,0.0,21.4,10.7,45.0
2025-12-06,14.4,6.2,9.4,5.7,0.0,0.0,20.9,11.9,42.5
2025-12-07,13.1,5.3,8.6,4.7,0.0,0.0,23.1,10.6,54.4
2025-12-08,9.3,3.2,6.0,2.0,0.0,0.0,13.2,8.5,28.8
2025-12-09,11.0,2.3,7.4,4.5,0.0,0.0,13.1,7.1,30.2
2025-12-10,12.9,9.0,11.1,8.3,1.0,1.0,25.9,14.9,57.2
2025-12-11,8.4,-2.0,4.0,-1.5,0.0,0.0,28.1,20.9,58.7
2025-12-12,4.1,-1.7,1.2,-3.5,0.4,0.0,16.1,11.8,34.6
2025-12-13,1.6,0.1,0.8,-4.7,1.5,0.0,28.2,19.5,65.9
2025-12-14,5.8,-0.9,2.4,-2.6,0.0,0.0,23.9,13.8,52.2
2025-12-15,9.9,3.5,6.9,2.6,0.0,0.0,19.8,14.1,47.2
2025-12-16,10.3,3.3,6.7,3.0,0.0,0.0,18.9,11.7,40.0
2025-12-17,7.2,1.2,4.1,-0.1,0.0,0.0,19.5,11.8,40.7
2025-12-18,9.8,2.7,6.7,2.9,0.0,0.0,25.5,14.3,50.8
2025-12-19,11.6,7.7,10.2,7.2,0.0,0.0,25.3,15.8,50.4
2025-12-20,9.2,3.0,6.3,0.7,0.0,0.0,24.8,21.2,60.5
2025-12-21,4.9,-0.3,2.3,-2.9,0.0,0.0,20.9,13.0,46.4
2025-12-22,8.9,-0.8,5.0,0.6,0.1,0.1,20.5,12.6,45.7
2025-12-23,9.4,2.2,6.1,2.2,14.2,14.2,24.1,16.6,54.4
2025-12-24,5.8,0.2,2.6,-1.7,0.0,0.0,15.4,12.3,36.0
2025-12-25,1.6,-2.5,0.2,-5.8,0.0,0.0,27.1,20.8,61.2
2025-12-26,3.2,-3.3,0.2,-3.8,0.0,0.0,12.2,7.5,29.5
2025-12-27,6.0,1.4,3.7,-0.0,0.0,0.0,11.3,8.8,29.2
2025-12-28,8.4,1.9,5.8,2.1,0.0,0.0,19.4,11.7,43.9
2025-12-29,9.0,1.7,4.8,0.9,0.0,0.0,14.2,11.9,33.8
2025-12-30,6.3,-0.9,2.7,-0.8,0.0,0.0,15.2,5.5,32.0
2025-12-31,0.9,-3.0,-0.9,-6.4,0.0,0.0,18.5,15.6,42.8
